{
  "0.0": {
    "budget": 0.0,
    "A_stats": {
      "mean": 1.0,
      "std": 0.0,
      "min": 1.0,
      "max": 1.0,
      "q10": 1.0,
      "q25": 1.0,
      "q50": 1.0,
      "q75": 1.0,
      "q90": 1.0
    },
    "A_fis_stats": {
      "mean": 1.0042469501495361,
      "std": 0.09998489916324615,
      "min": 0.7955101132392883,
      "max": 1.308598279953003,
      "q10": 0.8856817483901978,
      "q25": 0.9236971735954285,
      "q50": 0.9887654781341553,
      "q75": 1.0751593112945557,
      "q90": 1.1468720436096191
    },
    "A_entropy": -282.19314740218636,
    "A_fis_entropy": -134.50754469240556,
    "A_range_max_div_min": 0.9999999900000002,
    "A_std_ratio": 0.0,
    "E_ztx_stats": {
      "mean": 1.0,
      "std": 0.4707951247692108,
      "min": 0.014012886211276054,
      "max": 4.478911399841309,
      "q10": 0.4723236560821533,
      "q25": 0.6868201494216919,
      "q50": 0.9425556659698486,
      "q75": 1.2386536598205566,
      "q90": 1.5671720504760742
    },
    "E_top20_ratio": 0.3400878310203552,
    "corr_A_I": 0.0,
    "score_raw_stats": {
      "mean": 0.2255064994096756,
      "std": 0.1314186006784439,
      "min": 0.015821613371372223,
      "max": 0.4840683341026306,
      "q10": 0.05383489280939102,
      "q25": 0.11223714798688889,
      "q50": 0.2173396199941635,
      "q75": 0.3239392340183258,
      "q90": 0.42239394783973694
    },
    "score_post_stats": {
      "mean": -2.7939677238464355e-09,
      "std": 0.2352331280708313,
      "min": -0.5844773054122925,
      "max": 0.7222334146499634,
      "q10": -0.286678671836853,
      "q25": -0.18452835083007812,
      "q50": -0.025978535413742065,
      "q75": 0.16816246509552002,
      "q90": 0.3261203467845917
    },
    "score_centering_loss": -0.10381452739238739,
    "rule1_entropy": 2.6960721015930176,
    "rule1_distribution": [
      0.126681,
      0.064168,
      0.153746,
      0.166593,
      0.262085,
      0.108548,
      0.118179
    ],
    "rule2_entropy": 2.2881147861480713,
    "rule2_distribution": [
      0.176526,
      0.048957,
      0.032717,
      0.282797,
      0.282797,
      0.176206
    ],
    "A_spread_ratio": 0.0
  },
  "0.1": {
    "budget": 0.1,
    "A_stats": {
      "mean": 1.0,
      "std": 0.009993364103138447,
      "min": 0.9789509773254395,
      "max": 1.0306037664413452,
      "q10": 0.9881201982498169,
      "q25": 0.9919639825820923,
      "q50": 0.9985043406486511,
      "q75": 1.0071033239364624,
      "q90": 1.0142204761505127
    },
    "A_fis_stats": {
      "mean": 1.0042469501495361,
      "std": 0.09998489916324615,
      "min": 0.7955101132392883,
      "max": 1.308598279953003,
      "q10": 0.8856817483901978,
      "q25": 0.9236971735954285,
      "q50": 0.9887654781341553,
      "q75": 1.0751593112945557,
      "q90": 1.1468720436096191
    },
    "A_entropy": -4549.835970012658,
    "A_fis_entropy": -134.50754469240556,
    "A_range_max_div_min": 1.0527633965179652,
    "A_std_ratio": 0.09994872413018051,
    "E_ztx_stats": {
      "mean": 0.9999999403953552,
      "std": 0.4924384653568268,
      "min": 0.013374724425375462,
      "max": 4.683546543121338,
      "q10": 0.4561208486557007,
      "q25": 0.6693933010101318,
      "q50": 0.9329459071159363,
      "q75": 1.245289921760559,
      "q90": 1.6008491516113281
    },
    "E_top20_ratio": 0.34773001074790955,
    "corr_A_I": 0.8937994837760925,
    "score_raw_stats": {
      "mean": 0.2255064994096756,
      "std": 0.1314186006784439,
      "min": 0.015821613371372223,
      "max": 0.4840683341026306,
      "q10": 0.05383489280939102,
      "q25": 0.11223714798688889,
      "q50": 0.2173396199941635,
      "q75": 0.3239392340183258,
      "q90": 0.42239394783973694
    },
    "score_post_stats": {
      "mean": -2.7939677238464355e-09,
      "std": 0.2352331280708313,
      "min": -0.5844773054122925,
      "max": 0.7222334146499634,
      "q10": -0.286678671836853,
      "q25": -0.18452835083007812,
      "q50": -0.025978535413742065,
      "q75": 0.16816246509552002,
      "q90": 0.3261203467845917
    },
    "score_centering_loss": -0.10381452739238739,
    "rule1_entropy": 2.6960721015930176,
    "rule1_distribution": [
      0.126681,
      0.064168,
      0.153746,
      0.166593,
      0.262085,
      0.108548,
      0.118179
    ],
    "rule2_entropy": 2.2881147861480713,
    "rule2_distribution": [
      0.176526,
      0.048957,
      0.032717,
      0.282797,
      0.282797,
      0.176206
    ],
    "A_spread_ratio": 0.026100277639693026
  },
  "0.25": {
    "budget": 0.25,
    "A_stats": {
      "mean": 1.0,
      "std": 0.02496686950325966,
      "min": 0.9474257826805115,
      "max": 1.0764811038970947,
      "q10": 0.9703205823898315,
      "q25": 0.9799224138259888,
      "q50": 0.9962631464004517,
      "q75": 1.0177446603775024,
      "q90": 1.035526156425476
    },
    "A_fis_stats": {
      "mean": 1.0042469501495361,
      "std": 0.09998489916324615,
      "min": 0.7955101132392883,
      "max": 1.308598279953003,
      "q10": 0.8856817483901978,
      "q25": 0.9236971735954285,
      "q50": 0.9887654781341553,
      "q75": 1.0751593112945557,
      "q90": 1.1468720436096191
    },
    "A_entropy": -1309.180903342526,
    "A_fis_entropy": -134.50754469240556,
    "A_range_max_div_min": 1.136216801583428,
    "A_std_ratio": 0.24970637781443653,
    "E_ztx_stats": {
      "mean": 1.0,
      "std": 0.5251890420913696,
      "min": 0.012453923933207989,
      "max": 4.99109411239624,
      "q10": 0.4357586205005646,
      "q25": 0.6439653038978577,
      "q50": 0.9151597619056702,
      "q75": 1.2516757249832153,
      "q90": 1.640667200088501
    },
    "E_top20_ratio": 0.35918307304382324,
    "corr_A_I": 0.8937985897064209,
    "score_raw_stats": {
      "mean": 0.2255064994096756,
      "std": 0.1314186006784439,
      "min": 0.015821613371372223,
      "max": 0.4840683341026306,
      "q10": 0.05383489280939102,
      "q25": 0.11223714798688889,
      "q50": 0.2173396199941635,
      "q75": 0.3239392340183258,
      "q90": 0.42239394783973694
    },
    "score_post_stats": {
      "mean": -2.7939677238464355e-09,
      "std": 0.2352331280708313,
      "min": -0.5844773054122925,
      "max": 0.7222334146499634,
      "q10": -0.286678671836853,
      "q25": -0.18452835083007812,
      "q50": -0.025978535413742065,
      "q75": 0.16816246509552002,
      "q90": 0.3261203467845917
    },
    "score_centering_loss": -0.10381452739238739,
    "rule1_entropy": 2.6960721015930176,
    "rule1_distribution": [
      0.126681,
      0.064168,
      0.153746,
      0.166593,
      0.262085,
      0.108548,
      0.118179
    ],
    "rule2_entropy": 2.2881147861480713,
    "rule2_distribution": [
      0.176526,
      0.048957,
      0.032717,
      0.282797,
      0.282797,
      0.176206
    ],
    "A_spread_ratio": 0.0652055733835888
  },
  "0.5": {
    "budget": 0.5,
    "A_stats": {
      "mean": 1.0,
      "std": 0.049878690391778946,
      "min": 0.8950122594833374,
      "max": 1.1528668403625488,
      "q10": 0.9407083988189697,
      "q25": 0.9598858952522278,
      "q50": 0.9925333261489868,
      "q75": 1.0354435443878174,
      "q90": 1.0709686279296875
    },
    "A_fis_stats": {
      "mean": 1.0042469501495361,
      "std": 0.09998489916324615,
      "min": 0.7955101132392883,
      "max": 1.308598279953003,
      "q10": 0.8856817483901978,
      "q25": 0.9236971735954285,
      "q50": 0.9887654781341553,
      "q75": 1.0751593112945557,
      "q90": 1.1468720436096191
    },
    "A_entropy": -461.9455085718343,
    "A_fis_entropy": -134.50754469240556,
    "A_range_max_div_min": 1.288101716223469,
    "A_std_ratio": 0.4988621863959652,
    "E_ztx_stats": {
      "mean": 1.0,
      "std": 0.5801611542701721,
      "min": 0.011013894341886044,
      "max": 5.503289699554443,
      "q10": 0.4027698040008545,
      "q25": 0.600039005279541,
      "q50": 0.887138843536377,
      "q75": 1.2685673236846924,