{
  "0.0": {
    "budget": 0.0,
    "A_stats": {
      "mean": 1.0,
      "std": 0.0,
      "min": 1.0,
      "max": 1.0,
      "q10": 1.0,
      "q25": 1.0,
      "q50": 1.0,
      "q75": 1.0,
      "q90": 1.0
    },
    "A_fis_stats": {
      "mean": 1.0015895366668701,
      "std": 0.06013337895274162,
      "min": 0.8700458407402039,
      "max": 1.1643048524856567,
      "q10": 0.926083505153656,
      "q25": 0.9513816833496094,
      "q50": 0.995678186416626,
      "q75": 1.0492541790008545,
      "q90": 1.0846805572509766
    },
    "A_entropy": -282.19314740218636,
    "A_fis_entropy": -357.4303239317306,
    "A_range_max_div_min": 0.9999999900000002,
    "A_std_ratio": 0.0,
    "E_ztx_stats": {
      "mean": 1.0,
      "std": 0.4707951247692108,
      "min": 0.014012886211276054,
      "max": 4.478911399841309,
      "q10": 0.4723236560821533,
      "q25": 0.6868201494216919,
      "q50": 0.9425556659698486,
      "q75": 1.2386536598205566,
      "q90": 1.5671720504760742
    },
    "E_top20_ratio": 0.3400878310203552,
    "corr_A_I": 0.0,
    "score_raw_stats": {
      "mean": 0.18659400939941406,
      "std": 0.13693033158779144,
      "min": -0.03458786755800247,
      "max": 0.4190090000629425,
      "q10": 0.0004745852202177048,
      "q25": 0.06229415163397789,
      "q50": 0.1866908073425293,
      "q75": 0.3022993803024292,
      "q90": 0.38187599182128906
    },
    "score_post_stats": {
      "mean": 9.313225746154785e-10,
      "std": 0.24441853165626526,
      "min": -0.612549364566803,
      "max": 0.6877980828285217,
      "q10": -0.31077367067337036,
      "q25": -0.19799822568893433,
      "q50": -0.016986757516860962,
      "q75": 0.1908305287361145,
      "q90": 0.3302733302116394
    },
    "score_centering_loss": -0.10748820006847382,
    "rule1_entropy": 2.6960721015930176,
    "rule1_distribution": [
      0.126681,
      0.064168,
      0.153746,
      0.166593,
      0.262085,
      0.108548,
      0.118179
    ],
    "rule2_entropy": 2.407099723815918,
    "rule2_distribution": [
      0.059665,
      0.176289,
      0.174176,
      0.081809,
      0.306923,
      0.201138
    ],
    "A_spread_ratio": 0.0
  },
  "0.1": {
    "budget": 0.1,
    "A_stats": {
      "mean": 1.0,
      "std": 0.00601204251870513,
      "min": 0.986755907535553,
      "max": 1.0163829326629639,
      "q10": 0.9924407005310059,
      "q25": 0.9950251579284668,
      "q50": 0.999427318572998,
      "q75": 1.0047688484191895,
      "q90": 1.0083030462265015
    },
    "A_fis_stats": {
      "mean": 1.0015895366668701,
      "std": 0.06013337895274162,
      "min": 0.8700458407402039,
      "max": 1.1643048524856567,
      "q10": 0.926083505153656,
      "q25": 0.9513816833496094,
      "q50": 0.995678186416626,
      "q75": 1.0492541790008545,
      "q90": 1.0846805572509766
    },
    "A_entropy": -9150.384676382857,
    "A_fis_entropy": -357.4303239317306,
    "A_range_max_div_min": 1.0300246642567952,
    "A_std_ratio": 0.09997844165127544,
    "E_ztx_stats": {
      "mean": 1.0,
      "std": 0.48284912109375,
      "min": 0.013620990328490734,
      "max": 4.584590911865234,
      "q10": 0.46151143312454224,
      "q25": 0.6765968799591064,
      "q50": 0.9378963708877563,
      "q75": 1.2463037967681885,
      "q90": 1.5863816738128662
    },
    "E_top20_ratio": 0.3443199098110199,
    "corr_A_I": 0.8908957242965698,
    "score_raw_stats": {
      "mean": 0.18659400939941406,
      "std": 0.13693033158779144,
      "min": -0.03458786755800247,
      "max": 0.4190090000629425,
      "q10": 0.0004745852202177048,
      "q25": 0.06229415163397789,
      "q50": 0.1866908073425293,
      "q75": 0.3022993803024292,
      "q90": 0.38187599182128906
    },
    "score_post_stats": {
      "mean": 9.313225746154785e-10,
      "std": 0.24441853165626526,
      "min": -0.612549364566803,
      "max": 0.6877980828285217,
      "q10": -0.31077367067337036,
      "q25": -0.19799822568893433,
      "q50": -0.016986757516860962,
      "q75": 0.1908305287361145,
      "q90": 0.3302733302116394
    },
    "score_centering_loss": -0.10748820006847382,
    "rule1_entropy": 2.6960721015930176,
    "rule1_distribution": [
      0.126681,
      0.064168,
      0.153746,
      0.166593,
      0.262085,
      0.108548,
      0.118179
    ],
    "rule2_entropy": 2.407099723815918,
    "rule2_distribution": [
      0.059665,
      0.176289,
      0.174176,
      0.081809,
      0.306923,
      0.201138
    ],
    "A_spread_ratio": 0.01586234553687215
  },
  "0.25": {
    "budget": 0.25,
    "A_stats": {
      "mean": 1.0,
      "std": 0.015026426874101162,
      "min": 0.9669024348258972,
      "max": 1.0409541130065918,
      "q10": 0.9811071753501892,
      "q25": 0.9875650405883789,
      "q50": 0.9985687136650085,
      "q75": 1.0119203329086304,
      "q90": 1.0207507610321045
    },
    "A_fis_stats": {
      "mean": 1.0015895366668701,
      "std": 0.06013337895274162,
      "min": 0.8700458407402039,
      "max": 1.1643048524856567,
      "q10": 0.926083505153656,
      "q25": 0.9513816833496094,
      "q50": 0.995678186416626,
      "q75": 1.0492541790008545,
      "q90": 1.0846805572509766
    },
    "A_entropy": -2768.5486137476832,
    "A_fis_entropy": -357.4303239317306,
    "A_range_max_div_min": 1.076586493887735,
    "A_std_ratio": 0.24988491644650723,
    "E_ztx_stats": {
      "mean": 1.0,
      "std": 0.5009911060333252,
      "min": 0.013046524487435818,
      "max": 4.7429914474487305,
      "q10": 0.4495653212070465,
      "q25": 0.6603889465332031,
      "q50": 0.9294299483299255,
      "q75": 1.2498815059661865,
      "q90": 1.6117112636566162
    },
    "E_top20_ratio": 0.35066601634025574,
    "corr_A_I": 0.8908937573432922,
    "score_raw_stats": {
      "mean": 0.18659400939941406,
      "std": 0.13693033158779144,
      "min": -0.03458786755800247,
      "max": 0.4190090000629425,
      "q10": 0.0004745852202177048,
      "q25": 0.06229415163397789,
      "q50": 0.1866908073425293,
      "q75": 0.3022993803024292,
      "q90": 0.38187599182128906
    },
    "score_post_stats": {
      "mean": 9.313225746154785e-10,
      "std": 0.24441853165626526,
      "min": -0.612549364566803,
      "max": 0.6877980828285217,
      "q10": -0.31077367067337036,
      "q25": -0.19799822568893433,
      "q50": -0.016986757516860962,
      "q75": 0.1908305287361145,
      "q90": 0.3302733302116394
    },
    "score_centering_loss": -0.10748820006847382,
    "rule1_entropy": 2.6960721015930176,
    "rule1_distribution": [
      0.126681,
      0.064168,
      0.153746,
      0.166593,
      0.262085,
      0.108548,
      0.118179
    ],
    "rule2_entropy": 2.407099723815918,
    "rule2_distribution": [
      0.059665,
      0.176289,
      0.174176,
      0.081809,
      0.306923,
      0.201138
    ],
    "A_spread_ratio": 0.039643585285479434
  },
  "0.5": {
    "budget": 0.5,
    "A_stats": {
      "mean": 1.0,
      "std": 0.030040564015507698,
      "min": 0.9338465929031372,
      "max": 1.08189857006073,
      "q10": 0.9622300863265991,
      "q25": 0.9751405119895935,
      "q50": 0.9971383213996887,
      "q75": 1.0238337516784668,
      "q90": 1.0414783954620361
    },
    "A_fis_stats": {
      "mean": 1.0015895366668701,
      "std": 0.06013337895274162,
      "min": 0.8700458407402039,
      "max": 1.1643048524856567,
      "q10": 0.926083505153656,
      "q25": 0.9513816833496094,
      "q50": 0.995678186416626,
      "q75": 1.0492541790008545,
      "q90": 1.0846805572509766
    },
    "A_entropy": -1047.0188004639497,
    "A_fis_entropy": -357.4303239317306,
    "A_range_max_div_min": 1.1585399215431416,
    "A_std_ratio": 0.49956545836983096,
    "E_ztx_stats": {
      "mean": 1.0,
      "std": 0.5313154458999634,
      "min": 0.012124195694923401,
      "max": 5.006361961364746,
      "q10": 0.4285702109336853,
      "q25": 0.6335805654525757,
      "q50": 0.9151726365089417,
      "q75": 1.2617415189743042,