{
  "0.0": {
    "budget": 0.0,
    "A_stats": {
      "mean": 1.0,
      "std": 0.0,
      "min": 1.0,
      "max": 1.0,
      "q10": 1.0,
      "q25": 1.0,
      "q50": 1.0,
      "q75": 1.0,
      "q90": 1.0
    },
    "A_fis_stats": {
      "mean": 1.0028475522994995,
      "std": 0.08045449107885361,
      "min": 0.8288872241973877,
      "max": 1.2329742908477783,
      "q10": 0.9034242630004883,
      "q25": 0.9366456866264343,
      "q50": 0.9937559366226196,
      "q75": 1.0646677017211914,
      "q90": 1.115194320678711
    },
    "A_entropy": -282.19314740218636,
    "A_fis_entropy": -207.6492986261854,
    "A_range_max_div_min": 0.9999999900000002,
    "A_std_ratio": 0.0,
    "E_ztx_stats": {
      "mean": 1.0,
      "std": 0.4707951247692108,
      "min": 0.014012886211276054,
      "max": 4.478911399841309,
      "q10": 0.4723236560821533,
      "q25": 0.6868201494216919,
      "q50": 0.9425556659698486,
      "q75": 1.2386536598205566,
      "q90": 1.5671720504760742
    },
    "E_top20_ratio": 0.3400878310203552,
    "corr_A_I": 0.0,
    "score_raw_stats": {
      "mean": 0.2522490620613098,
      "std": 0.13476772606372833,
      "min": 0.029765311628580093,
      "max": 0.49507325887680054,
      "q10": 0.07036598026752472,
      "q25": 0.13402695953845978,
      "q50": 0.24984875321388245,
      "q75": 0.3603585958480835,
      "q90": 0.4480537176132202
    },
    "score_post_stats": {
      "mean": 0.0,
      "std": 0.2406601458787918,
      "min": -0.6097830533981323,
      "max": 0.7042235136032104,
      "q10": -0.30336105823516846,
      "q25": -0.19203703105449677,
      "q50": -0.01815749704837799,
      "q75": 0.1836690753698349,
      "q90": 0.3272252082824707
    },
    "score_centering_loss": -0.10589241981506348,
    "rule1_entropy": 2.6960721015930176,
    "rule1_distribution": [
      0.126681,
      0.064168,
      0.153746,
      0.166593,
      0.262085,
      0.108548,
      0.118179
    ],
    "rule2_entropy": 2.4486026763916016,
    "rule2_distribution": [
      0.144962,
      0.146726,
      0.049276,
      0.246286,
      0.249569,
      0.163181
    ],
    "A_spread_ratio": 0.0
  },
  "0.1": {
    "budget": 0.1,
    "A_stats": {
      "mean": 1.0,
      "std": 0.008042599074542522,
      "min": 0.9824845194816589,
      "max": 1.0231493711471558,
      "q10": 0.9900342226028442,
      "q25": 0.9934289455413818,
      "q50": 0.9991029500961304,
      "q75": 1.0061521530151367,
      "q90": 1.0112024545669556
    },
    "A_fis_stats": {
      "mean": 1.0028475522994995,
      "std": 0.08045449107885361,
      "min": 0.8288872241973877,
      "max": 1.2329742908477783,
      "q10": 0.9034242630004883,
      "q25": 0.9366456866264343,
      "q50": 0.9937559366226196,
      "q75": 1.0646677017211914,
      "q90": 1.115194320678711
    },
    "A_entropy": -6143.049335549389,
    "A_fis_entropy": -207.6492986261854,
    "A_range_max_div_min": 1.041389803549325,
    "A_std_ratio": 0.09996456340783166,
    "E_ztx_stats": {
      "mean": 1.0,
      "std": 0.4874555766582489,
      "min": 0.013496702536940575,
      "max": 4.63002872467041,
      "q10": 0.45879197120666504,
      "q25": 0.6734049916267395,
      "q50": 0.9360654354095459,
      "q75": 1.247033953666687,
      "q90": 1.593457579612732
    },
    "E_top20_ratio": 0.3459474444389343,
    "corr_A_I": 0.8934359550476074,
    "score_raw_stats": {
      "mean": 0.2522490620613098,
      "std": 0.13476772606372833,
      "min": 0.029765311628580093,
      "max": 0.49507325887680054,
      "q10": 0.07036598026752472,
      "q25": 0.13402695953845978,
      "q50": 0.24984875321388245,
      "q75": 0.3603585958480835,
      "q90": 0.4480537176132202
    },
    "score_post_stats": {
      "mean": 0.0,
      "std": 0.2406601458787918,
      "min": -0.6097830533981323,
      "max": 0.7042235136032104,
      "q10": -0.30336105823516846,
      "q25": -0.19203703105449677,
      "q50": -0.01815749704837799,
      "q75": 0.1836690753698349,
      "q90": 0.3272252082824707
    },
    "score_centering_loss": -0.10589241981506348,
    "rule1_entropy": 2.6960721015930176,
    "rule1_distribution": [
      0.126681,
      0.064168,
      0.153746,
      0.166593,
      0.262085,
      0.108548,
      0.118179
    ],
    "rule2_entropy": 2.4486026763916016,
    "rule2_distribution": [
      0.144962,
      0.146726,
      0.049276,
      0.246286,
      0.249569,
      0.163181
    ],
    "A_spread_ratio": 0.02116823175242901
  },
  "0.25": {
    "budget": 0.25,
    "A_stats": {
      "mean": 1.0,
      "std": 0.02009762078523636,
      "min": 0.9562383890151978,
      "max": 1.0578607320785522,
      "q10": 0.9750988483428955,
      "q25": 0.9835788607597351,
      "q50": 0.9977583885192871,
      "q75": 1.0153741836547852,
      "q90": 1.0279990434646606
    },
    "A_fis_stats": {
      "mean": 1.0028475522994995,
      "std": 0.08045449107885361,
      "min": 0.8288872241973877,
      "max": 1.2329742908477783,
      "q10": 0.9034242630004883,
      "q25": 0.9366456866264343,
      "q50": 0.9937559366226196,
      "q75": 1.0646677017211914,
      "q90": 1.115194320678711
    },
    "A_entropy": -1808.1524951765257,
    "A_fis_entropy": -207.6492986261854,
    "A_range_max_div_min": 1.1062730101280311,
    "A_std_ratio": 0.24980107409452013,
    "E_ztx_stats": {
      "mean": 1.0,
      "std": 0.5125744342803955,
      "min": 0.01274592150002718,
      "max": 4.856674671173096,
      "q10": 0.4416625499725342,
      "q25": 0.6522850394248962,
      "q50": 0.9221691489219666,
      "q75": 1.251025676727295,
      "q90": 1.627709150314331
    },
    "E_top20_ratio": 0.3547254204750061,
    "corr_A_I": 0.8934338688850403,
    "score_raw_stats": {
      "mean": 0.2522490620613098,
      "std": 0.13476772606372833,
      "min": 0.029765311628580093,
      "max": 0.49507325887680054,
      "q10": 0.07036598026752472,
      "q25": 0.13402695953845978,
      "q50": 0.24984875321388245,
      "q75": 0.3603585958480835,
      "q90": 0.4480537176132202
    },
    "score_post_stats": {
      "mean": 0.0,
      "std": 0.2406601458787918,
      "min": -0.6097830533981323,
      "max": 0.7042235136032104,
      "q10": -0.30336105823516846,
      "q25": -0.19203703105449677,
      "q50": -0.01815749704837799,
      "q75": 0.1836690753698349,
      "q90": 0.3272252082824707
    },
    "score_centering_loss": -0.10589241981506348,
    "rule1_entropy": 2.6960721015930176,
    "rule1_distribution": [
      0.126681,
      0.064168,
      0.153746,
      0.166593,
      0.262085,
      0.108548,
      0.118179
    ],
    "rule2_entropy": 2.4486026763916016,
    "rule2_distribution": [
      0.144962,
      0.146726,
      0.049276,
      0.246286,
      0.249569,
      0.163181
    ],
    "A_spread_ratio": 0.0529001945927632
  },
  "0.5": {
    "budget": 0.5,
    "A_stats": {
      "mean": 1.0,
      "std": 0.04016560688614845,
      "min": 0.9125664830207825,
      "max": 1.1156798601150513,
      "q10": 0.9502418637275696,
      "q25": 0.9671789407730103,
      "q50": 0.9955204725265503,
      "q75": 1.0307284593582153,
      "q90": 1.0559736490249634
    },
    "A_fis_stats": {
      "mean": 1.0028475522994995,
      "std": 0.08045449107885361,
      "min": 0.8288872241973877,
      "max": 1.2329742908477783,
      "q10": 0.9034242630004883,
      "q25": 0.9366456866264343,
      "q50": 0.9937559366226196,
      "q75": 1.0646677017211914,
      "q90": 1.115194320678711
    },
    "A_entropy": -658.7414773114757,
    "A_fis_entropy": -207.6492986261854,
    "A_range_max_div_min": 1.2225737725937338,
    "A_std_ratio": 0.49923380727676214,
    "E_ztx_stats": {
      "mean": 1.0,
      "std": 0.5545994639396667,
      "min": 0.011555993929505348,
      "max": 5.233462333679199,
      "q10": 0.41367799043655396,
      "q25": 0.6166589856147766,
      "q50": 0.9016599655151367,
      "q75": 1.2677745819091797,
      "q90": 1.6793454885482788
    },
    "E_top20_ratio": 0.3692905306816101,