{
  "full": {
    "A_stats": {
      "mean": 1.0,
      "std": 0.08021293580532074,
      "min": 0.8254913091659546,
      "max": 1.2311923503875732,
      "q10": 0.9006595611572266,
      "q25": 0.9344431161880493,
      "q50": 0.9910556077957153,
      "q75": 1.0613765716552734,
      "q90": 1.1118505001068115
    },
    "A_entropy": -206.87570133610478,
    "corr_A_I": 0.8934242129325867,
    "score_raw_stats": {
      "mean": 0.2522490620613098,
      "std": 0.13476772606372833,
      "min": 0.029765311628580093,
      "max": 0.49507325887680054,
      "q10": 0.07036598026752472,
      "q25": 0.13402695953845978,
      "q50": 0.24984875321388245,
      "q75": 0.3603585958480835,
      "q90": 0.4480537176132202
    },
    "score_post_stats": {
      "mean": 0.0,
      "std": 0.2406601458787918,
      "min": -0.6097830533981323,
      "max": 0.7042235136032104,
      "q10": -0.30336105823516846,
      "q25": -0.19203703105449677,
      "q50": -0.01815749704837799,
      "q75": 0.1836690753698349,
      "q90": 0.3272252082824707
    },
    "rule1_entropy": 2.6960721015930176,
    "rule1_distribution": [
      0.126681,
      0.064168,
      0.153746,
      0.166593,
      0.262085,
      0.108548,
      0.118179
    ],
    "rule2_entropy": 2.4486026763916016,
    "rule2_distribution": [
      0.144962,
      0.146726,
      0.049276,
      0.246286,
      0.249569,
      0.163181
    ],
    "E_top20_ratio": 0.39790284633636475,
    "psnr": 27.2135
  },
  "snr_only": {
    "A_stats": {
      "mean": 1.0,
      "std": 0.0,
      "min": 1.0,
      "max": 1.0,
      "q10": 1.0,
      "q25": 1.0,
      "q50": 1.0,
      "q75": 1.0,
      "q90": 1.0
    },
    "A_entropy": -282.19314740218636,
    "corr_A_I": null,
    "score_raw_stats": {
      "mean": 0.2549538314342499,
      "std": 0.0,
      "min": 0.2549538314342499,
      "max": 0.2549538314342499,
      "q10": 0.2549538314342499,
      "q25": 0.2549538314342499,
      "q50": 0.2549538314342499,
      "q75": 0.2549538314342499,
      "q90": 0.2549538314342499
    },
    "score_post_stats": {
      "mean": 0.0,
      "std": 0.0,
      "min": 0.0,
      "max": 0.0,
      "q10": 0.0,
      "q25": 0.0,
      "q50": 0.0,
      "q75": 0.0,
      "q90": 0.0
    },
    "rule2_entropy": 2.3748793601989746,
    "rule2_distribution": [
      0.128264,
      0.129825,
      0.044109,
      0.282069,
      0.285908,
      0.129825
    ],
    "E_top20_ratio": 0.3400878310203552,
    "psnr": 27.1626
  },
  "importance_only": {
    "A_stats": {
      "mean": 1.0,
      "std": 0.07354721426963806,
      "min": 0.8409834504127502,
      "max": 1.205974817276001,
      "q10": 0.908649206161499,
      "q25": 0.9394875168800354,
      "q50": 0.9918227195739746,
      "q75": 1.0574166774749756,
      "q90": 1.101933479309082
    },
    "A_entropy": -247.8015993883953,
    "corr_A_I": 0.8926678895950317,
    "score_raw_stats": {
      "mean": 0.1941494196653366,
      "std": 0.14285334944725037,
      "min": -0.03745267912745476,
      "max": 0.4472057521343231,
      "q10": 0.0017460230737924576,
      "q25": 0.06674930453300476,
      "q50": 0.19169119000434875,
      "q75": 0.31099629402160645,
      "q90": 0.4010823965072632
    },
    "score_post_stats": {
      "mean": 1.862645149230957e-09,
      "std": 0.2551206946372986,
      "min": -0.6403762102127075,
      "max": 0.7369106411933899,
      "q10": -0.32210463285446167,
      "q25": -0.20417168736457825,
      "q50": -0.020081043243408203,
      "q75": 0.19731548428535461,
      "q90": 0.34503674507141113
    },
    "rule1_entropy": 2.6960721015930176,
    "rule1_distribution": [
      0.126681,
      0.064168,
      0.153746,
      0.166593,
      0.262085,
      0.108548,
      0.118179
    ],
    "rule2_entropy": 2.4436612129211426,
    "rule2_distribution": [
      0.088134,
      0.178779,
      0.088134,
      0.13995,
      0.308159,
      0.196844
    ],
    "E_top20_ratio": 0.3926428556442261,
    "psnr": 27.1594
  },
  "linear": {
    "A_stats": {
      "mean": 1.0,
      "std": 0.05220215395092964,
      "min": 0.8803430199623108,
      "max": 1.1634819507598877,
      "q10": 0.9369308948516846,
      "q25": 0.9587395191192627,
      "q50": 0.9934433102607727,
      "q75": 1.0371261835098267,
      "q90": 1.0727334022521973
    },
    "A_entropy": -404.34033258233427,
    "corr_A_I": 0.8946303129196167,
    "score_raw_stats": {
      "mean": 1.3969838619232178e-09,
      "std": 0.1528664082288742,
      "min": -0.3821643888950348,
      "max": 0.4736854135990143,
      "q10": -0.18712064623832703,
      "q25": -0.1192120760679245,
      "q50": -0.016141491010785103,
      "q75": 0.1098814532160759,
      "q90": 0.2100326120853424
    },
    "score_post_stats": {
      "mean": 1.3969838619232178e-09,
      "std": 0.1528664082288742,
      "min": -0.3821643888950348,
      "max": 0.4736854135990143,
      "q10": -0.18712064623832703,
      "q25": -0.1192120760679245,
      "q50": -0.016141491010785103,
      "q75": 0.1098814532160759,
      "q90": 0.2100326120853424
    },
    "rule1_entropy": 2.6960721015930176,
    "rule1_distribution": [
      0.126681,
      0.064168,
      0.153746,
      0.166593,
      0.262085,
      0.108548,
      0.118179
    ],
    "E_top20_ratio": 0.3793713450431824,
    "psnr": 27.1793
  },
  "__pairwise_corr__": {
    "full_vs_snr_only": {
      "corr_A": 0.0,
      "l2_rel_A": 0.079956
    },
    "full_vs_importance_only": {
      "corr_A": 0.999855,
      "l2_rel_A": 0.006771
    },
    "full_vs_linear": {
      "corr_A": 0.998264,
      "l2_rel_A": 0.028179
    },
    "snr_only_vs_importance_only": {
      "corr_A": 0.0,
      "l2_rel_A": 0.073547
    },
    "snr_only_vs_linear": {
      "corr_A": 0.0,
      "l2_rel_A": 0.052202
    },
    "importance_only_vs_linear": {
      "corr_A": 0.997306,
      "l2_rel_A": 0.021765
    }
  }
}