{
  "full": {
    "A_stats": {
      "mean": 1.0,
      "std": 0.06003200635313988,
      "min": 0.8678593635559082,
      "max": 1.1637587547302246,
      "q10": 0.924521267414093,
      "q25": 0.9503211379051208,
      "q50": 0.9942805767059326,
      "q75": 1.047640085220337,
      "q90": 1.0828657150268555
    },
    "A_entropy": -355.1769855552248,
    "corr_A_I": 0.8908857703208923,
    "score_raw_stats": {
      "mean": 0.18659400939941406,
      "std": 0.13693033158779144,
      "min": -0.03458786755800247,
      "max": 0.4190090000629425,
      "q10": 0.0004745852202177048,
      "q25": 0.06229415163397789,
      "q50": 0.1866908073425293,
      "q75": 0.3022993803024292,
      "q90": 0.38187599182128906
    },
    "score_post_stats": {
      "mean": 9.313225746154785e-10,
      "std": 0.24441853165626526,
      "min": -0.612549364566803,
      "max": 0.6877980828285217,
      "q10": -0.31077367067337036,
      "q25": -0.19799822568893433,
      "q50": -0.016986757516860962,
      "q75": 0.1908305287361145,
      "q90": 0.3302733302116394
    },
    "rule1_entropy": 2.6960721015930176,
    "rule1_distribution": [
      0.126681,
      0.064168,
      0.153746,
      0.166593,
      0.262085,
      0.108548,
      0.118179
    ],
    "rule2_entropy": 2.407099723815918,
    "rule2_distribution": [
      0.059665,
      0.176289,
      0.174176,
      0.081809,
      0.306923,
      0.201138
    ],
    "E_top20_ratio": 0.38206037878990173,
    "psnr": 28.6961
  },
  "snr_only": {
    "A_stats": {
      "mean": 1.0,
      "std": 0.0,
      "min": 1.0,
      "max": 1.0,
      "q10": 1.0,
      "q25": 1.0,
      "q50": 1.0,
      "q75": 1.0,
      "q90": 1.0
    },
    "A_entropy": -282.19314740218636,
    "corr_A_I": null,
    "score_raw_stats": {
      "mean": 0.19225388765335083,
      "std": 0.0,
      "min": 0.19225388765335083,
      "max": 0.19225388765335083,
      "q10": 0.19225388765335083,
      "q25": 0.19225388765335083,
      "q50": 0.19225388765335083,
      "q75": 0.19225388765335083,
      "q90": 0.19225388765335083
    },
    "score_post_stats": {
      "mean": 0.0,
      "std": 0.0,
      "min": 0.0,
      "max": 0.0,
      "q10": 0.0,
      "q25": 0.0,
      "q50": 0.0,
      "q75": 0.0,
      "q90": 0.0
    },
    "rule2_entropy": 2.359279155731201,
    "rule2_distribution": [
      0.055887,
      0.164492,
      0.162515,
      0.09036,
      0.362254,
      0.164492
    ],
    "E_top20_ratio": 0.3400878310203552,
    "psnr": 28.6978
  },
  "importance_only": {
    "A_stats": {
      "mean": 1.0,
      "std": 0.07354721426963806,
      "min": 0.8409834504127502,
      "max": 1.205974817276001,
      "q10": 0.908649206161499,
      "q25": 0.9394875168800354,
      "q50": 0.9918227195739746,
      "q75": 1.0574166774749756,
      "q90": 1.101933479309082
    },
    "A_entropy": -247.8015993883953,
    "corr_A_I": 0.8926678895950317,
    "score_raw_stats": {
      "mean": 0.1941494196653366,
      "std": 0.14285334944725037,
      "min": -0.03745267912745476,
      "max": 0.4472057521343231,
      "q10": 0.0017460230737924576,
      "q25": 0.06674930453300476,
      "q50": 0.19169119000434875,
      "q75": 0.31099629402160645,
      "q90": 0.4010823965072632
    },
    "score_post_stats": {
      "mean": 1.862645149230957e-09,
      "std": 0.2551206946372986,
      "min": -0.6403762102127075,
      "max": 0.7369106411933899,
      "q10": -0.32210463285446167,
      "q25": -0.20417168736457825,
      "q50": -0.020081043243408203,
      "q75": 0.19731548428535461,
      "q90": 0.34503674507141113
    },
    "rule1_entropy": 2.6960721015930176,
    "rule1_distribution": [
      0.126681,
      0.064168,
      0.153746,
      0.166593,
      0.262085,
      0.108548,
      0.118179
    ],
    "rule2_entropy": 2.4436612129211426,
    "rule2_distribution": [
      0.088134,
      0.178779,
      0.088134,
      0.13995,
      0.308159,
      0.196844
    ],
    "E_top20_ratio": 0.3926428556442261,
    "psnr": 28.6303
  },
  "linear": {
    "A_stats": {
      "mean": 1.0,
      "std": 0.03849458694458008,
      "min": 0.9103530645370483,
      "max": 1.1186853647232056,
      "q10": 0.953332781791687,
      "q25": 0.9695777297019958,
      "q50": 0.9953780174255371,
      "q75": 1.0276169776916504,
      "q90": 1.0535862445831299
    },
    "A_entropy": -653.7054513572733,
    "corr_A_I": 0.8947543501853943,
    "score_raw_stats": {
      "mean": 1.3969838619232178e-09,
      "std": 0.1528664082288742,
      "min": -0.3821643888950348,
      "max": 0.4736854135990143,
      "q10": -0.18712064623832703,
      "q25": -0.1192120760679245,
      "q50": -0.016141491010785103,
      "q75": 0.1098814532160759,
      "q90": 0.2100326120853424
    },
    "score_post_stats": {
      "mean": 1.3969838619232178e-09,
      "std": 0.1528664082288742,
      "min": -0.3821643888950348,
      "max": 0.4736854135990143,
      "q10": -0.18712064623832703,
      "q25": -0.1192120760679245,
      "q50": -0.016141491010785103,
      "q75": 0.1098814532160759,
      "q90": 0.2100326120853424
    },
    "rule1_entropy": 2.6960721015930176,
    "rule1_distribution": [
      0.126681,
      0.064168,
      0.153746,
      0.166593,
      0.262085,
      0.108548,
      0.118179
    ],
    "E_top20_ratio": 0.36891812086105347,
    "psnr": 28.7434
  },
  "__pairwise_corr__": {
    "full_vs_snr_only": {
      "corr_A": 0.0,
      "l2_rel_A": 0.059924
    },
    "full_vs_importance_only": {
      "corr_A": 0.999552,
      "l2_rel_A": 0.013636
    },
    "full_vs_linear": {
      "corr_A": 0.995318,
      "l2_rel_A": 0.021994
    },
    "snr_only_vs_importance_only": {
      "corr_A": 0.0,
      "l2_rel_A": 0.073547
    },
    "snr_only_vs_linear": {
      "corr_A": 0.0,
      "l2_rel_A": 0.038495
    },
    "importance_only_vs_linear": {
      "corr_A": 0.997584,
      "l2_rel_A": 0.035152
    }
  }
}