{
  "full": {
    "A_stats": {
      "mean": 0.9999999403953552,
      "std": 0.0995379388332367,
      "min": 0.7906641364097595,
      "max": 1.3053547143936157,
      "q10": 0.8817083239555359,
      "q25": 0.9199458360671997,
      "q50": 0.985094428062439,
      "q75": 1.0707050561904907,
      "q90": 1.1416034698486328
    },
    "A_entropy": -134.6348364044651,
    "corr_A_I": 0.893791139125824,
    "score_raw_stats": {
      "mean": 0.2255064994096756,
      "std": 0.1314186006784439,
      "min": 0.015821613371372223,
      "max": 0.4840683341026306,
      "q10": 0.05383489280939102,
      "q25": 0.11223714798688889,
      "q50": 0.2173396199941635,
      "q75": 0.3239392340183258,
      "q90": 0.42239394783973694
    },
    "score_post_stats": {
      "mean": -2.7939677238464355e-09,
      "std": 0.2352331280708313,
      "min": -0.5844773054122925,
      "max": 0.7222334146499634,
      "q10": -0.286678671836853,
      "q25": -0.18452835083007812,
      "q50": -0.025978535413742065,
      "q75": 0.16816246509552002,
      "q90": 0.3261203467845917
    },
    "rule1_entropy": 2.6960721015930176,
    "rule1_distribution": [
      0.126681,
      0.064168,
      0.153746,
      0.166593,
      0.262085,
      0.108548,
      0.118179
    ],
    "rule2_entropy": 2.2881147861480713,
    "rule2_distribution": [
      0.176526,
      0.048957,
      0.032717,
      0.282797,
      0.282797,
      0.176206
    ],
    "E_top20_ratio": 0.41525688767433167,
    "psnr": 24.0337
  },
  "snr_only": {
    "A_stats": {
      "mean": 1.0,
      "std": 0.0,
      "min": 1.0,
      "max": 1.0,
      "q10": 1.0,
      "q25": 1.0,
      "q50": 1.0,
      "q75": 1.0,
      "q90": 1.0
    },
    "A_entropy": -282.19314740218636,
    "corr_A_I": null,
    "score_raw_stats": {
      "mean": 0.22203698754310608,
      "std": 0.0,
      "min": 0.22203698754310608,
      "max": 0.22203698754310608,
      "q10": 0.22203698754310608,
      "q25": 0.22203698754310608,
      "q50": 0.22203698754310608,
      "q75": 0.22203698754310608,
      "q90": 0.22203698754310608
    },
    "score_post_stats": {
      "mean": 0.0,
      "std": 0.0,
      "min": 0.0,
      "max": 0.0,
      "q10": 0.0,
      "q25": 0.0,
      "q50": 0.0,
      "q75": 0.0,
      "q90": 0.0
    },
    "rule2_entropy": 2.1993842124938965,
    "rule2_distribution": [
      0.144163,
      0.041937,
      0.029436,
      0.320151,
      0.320151,
      0.144163
    ],
    "E_top20_ratio": 0.3400878310203552,
    "psnr": 24.1246
  },
  "importance_only": {
    "A_stats": {
      "mean": 1.0,
      "std": 0.07354721426963806,
      "min": 0.8409834504127502,
      "max": 1.205974817276001,
      "q10": 0.908649206161499,
      "q25": 0.9394875168800354,
      "q50": 0.9918227195739746,
      "q75": 1.0574166774749756,
      "q90": 1.101933479309082
    },
    "A_entropy": -247.8015993883953,
    "corr_A_I": 0.8926678895950317,
    "score_raw_stats": {
      "mean": 0.1941494196653366,
      "std": 0.14285334944725037,
      "min": -0.03745267912745476,
      "max": 0.4472057521343231,
      "q10": 0.0017460230737924576,
      "q25": 0.06674930453300476,
      "q50": 0.19169119000434875,
      "q75": 0.31099629402160645,
      "q90": 0.4010823965072632
    },
    "score_post_stats": {
      "mean": 1.862645149230957e-09,
      "std": 0.2551206946372986,
      "min": -0.6403762102127075,
      "max": 0.7369106411933899,
      "q10": -0.32210463285446167,
      "q25": -0.20417168736457825,
      "q50": -0.020081043243408203,
      "q75": 0.19731548428535461,
      "q90": 0.34503674507141113
    },
    "rule1_entropy": 2.6960721015930176,
    "rule1_distribution": [
      0.126681,
      0.064168,
      0.153746,
      0.166593,
      0.262085,
      0.108548,
      0.118179
    ],
    "rule2_entropy": 2.4436612129211426,
    "rule2_distribution": [
      0.088134,
      0.178779,
      0.088134,
      0.13995,
      0.308159,
      0.196844
    ],
    "E_top20_ratio": 0.3926428556442261,
    "psnr": 24.1346
  },
  "linear": {
    "A_stats": {
      "mean": 1.0,
      "std": 0.06597388535737991,
      "min": 0.8511589765548706,
      "max": 1.2098647356033325,
      "q10": 0.9207043647766113,
      "q25": 0.9477311968803406,
      "q50": 0.991365373134613,
      "q75": 1.0465936660766602,
      "q90": 1.0921046733856201
    },
    "A_entropy": -272.6703397017632,
    "corr_A_I": 0.8944545388221741,
    "score_raw_stats": {
      "mean": 1.3969838619232178e-09,
      "std": 0.1528664082288742,
      "min": -0.3821643888950348,
      "max": 0.4736854135990143,
      "q10": -0.18712064623832703,
      "q25": -0.1192120760679245,
      "q50": -0.016141491010785103,
      "q75": 0.1098814532160759,
      "q90": 0.2100326120853424
    },
    "score_post_stats": {
      "mean": 1.3969838619232178e-09,
      "std": 0.1528664082288742,
      "min": -0.3821643888950348,
      "max": 0.4736854135990143,
      "q10": -0.18712064623832703,
      "q25": -0.1192120760679245,
      "q50": -0.016141491010785103,
      "q75": 0.1098814532160759,
      "q90": 0.2100326120853424
    },
    "rule1_entropy": 2.6960721015930176,
    "rule1_distribution": [
      0.126681,
      0.064168,
      0.153746,
      0.166593,
      0.262085,
      0.108548,
      0.118179
    ],
    "E_top20_ratio": 0.3899098038673401,
    "psnr": 24.1804
  },
  "__pairwise_corr__": {
    "full_vs_snr_only": {
      "corr_A": 0.0,
      "l2_rel_A": 0.099048
    },
    "full_vs_importance_only": {
      "corr_A": 0.996888,
      "l2_rel_A": 0.026721
    },
    "full_vs_linear": {
      "corr_A": 0.999746,
      "l2_rel_A": 0.033448
    },
    "snr_only_vs_importance_only": {
      "corr_A": 0.0,
      "l2_rel_A": 0.073547
    },
    "snr_only_vs_linear": {
      "corr_A": 0.0,
      "l2_rel_A": 0.065974
    },
    "importance_only_vs_linear": {
      "corr_A": 0.996967,
      "l2_rel_A": 0.009291
    }
  }
}