{
  "0.0": {
    "budget": 0.0,
    "A_stats": {
      "mean": 1.0,
      "std": 0.0,
      "min": 1.0,
      "max": 1.0,
      "q10": 1.0,
      "q25": 1.0,
      "q50": 1.0,
      "q75": 1.0,
      "q90": 1.0
    },
    "A_fis_stats": {
      "mean": 1.0016400814056396,
      "std": 0.059775322675704956,
      "min": 0.8723575472831726,
      "max": 1.1664294004440308,
      "q10": 0.9247462749481201,
      "q25": 0.9513712525367737,
      "q50": 0.9992220997810364,
      "q75": 1.0470993518829346,
      "q90": 1.0837045907974243
    },
    "A_entropy": -282.19314740218636,
    "A_fis_entropy": -357.7549894485666,
    "A_range_max_div_min": 0.9999999900000002,
    "A_std_ratio": 0.0,
    "E_ztx_stats": {
      "mean": 1.0,
      "std": 0.4296511709690094,
      "min": 0.026127398014068604,
      "max": 3.8736515045166016,
      "q10": 0.5106759071350098,
      "q25": 0.7085593938827515,
      "q50": 0.9503597021102905,
      "q75": 1.2157350778579712,
      "q90": 1.5427207946777344
    },
    "E_top20_ratio": 0.3289845585823059,
    "corr_A_I": 0.0,
    "score_raw_stats": {
      "mean": 0.19528651237487793,
      "std": 0.13606806099414825,
      "min": -0.03543552756309509,
      "max": 0.4189698100090027,
      "q10": 0.0037219077348709106,
      "q25": 0.07651754468679428,
      "q50": 0.19925647974014282,
      "q75": 0.31089431047439575,
      "q90": 0.38531002402305603
    },
    "score_post_stats": {
      "mean": -1.862645149230957e-09,
      "std": 0.24335405230522156,
      "min": -0.5978437662124634,
      "max": 0.6989718675613403,
      "q10": -0.3170173764228821,
      "q25": -0.19804300367832184,
      "q50": -0.0030518770217895508,
      "q75": 0.1824846863746643,
      "q90": 0.32634931802749634
    },
    "score_centering_loss": -0.1072859913110733,
    "rule1_entropy": 2.710163116455078,
    "rule1_distribution": [
      0.135668,
      0.064862,
      0.161722,
      0.163975,
      0.246898,
      0.10929,
      0.117585
    ],
    "rule2_entropy": 2.410151958465576,
    "rule2_distribution": [
      0.060289,
      0.181413,
      0.179221,
      0.08128,
      0.305108,
      0.192688
    ],
    "A_spread_ratio": 0.0
  },
  "0.1": {
    "budget": 0.1,
    "A_stats": {
      "mean": 1.0,
      "std": 0.005976233631372452,
      "min": 0.9869992136955261,
      "max": 1.0166369676589966,
      "q10": 0.9922996163368225,
      "q25": 0.9950181841850281,
      "q50": 0.9997585415840149,
      "q75": 1.0045404434204102,
      "q90": 1.0081963539123535
    },
    "A_fis_stats": {
      "mean": 1.0016400814056396,
      "std": 0.059775322675704956,
      "min": 0.8723575472831726,
      "max": 1.1664294004440308,
      "q10": 0.9247462749481201,
      "q25": 0.9513712525367737,
      "q50": 0.9992220997810364,
      "q75": 1.0470993518829346,
      "q90": 1.0837045907974243
    },
    "A_entropy": -9149.71317897952,
    "A_fis_entropy": -357.7549894485666,
    "A_range_max_div_min": 1.0300281330034897,
    "A_std_ratio": 0.09997825798469254,
    "E_ztx_stats": {
      "mean": 1.0,
      "std": 0.44134679436683655,
      "min": 0.025463562458753586,
      "max": 3.9706454277038574,
      "q10": 0.5019814968109131,
      "q25": 0.6982312202453613,
      "q50": 0.9461125135421753,
      "q75": 1.2221317291259766,
      "q90": 1.5608611106872559
    },
    "E_top20_ratio": 0.3331207036972046,
    "corr_A_I": 0.8931626677513123,
    "score_raw_stats": {
      "mean": 0.19528651237487793,
      "std": 0.13606806099414825,
      "min": -0.03543552756309509,
      "max": 0.4189698100090027,
      "q10": 0.0037219077348709106,
      "q25": 0.07651754468679428,
      "q50": 0.19925647974014282,
      "q75": 0.31089431047439575,
      "q90": 0.38531002402305603
    },
    "score_post_stats": {
      "mean": -1.862645149230957e-09,
      "std": 0.24335405230522156,
      "min": -0.5978437662124634,
      "max": 0.6989718675613403,
      "q10": -0.3170173764228821,
      "q25": -0.19804300367832184,
      "q50": -0.0030518770217895508,
      "q75": 0.1824846863746643,
      "q90": 0.32634931802749634
    },
    "score_centering_loss": -0.1072859913110733,
    "rule1_entropy": 2.710163116455078,
    "rule1_distribution": [
      0.135668,
      0.064862,
      0.161722,
      0.163975,
      0.246898,
      0.10929,
      0.117585
    ],
    "rule2_entropy": 2.410151958465576,
    "rule2_distribution": [
      0.060289,
      0.181413,
      0.179221,
      0.08128,
      0.305108,
      0.192688
    ],
    "A_spread_ratio": 0.015896737416563632
  },
  "0.25": {
    "budget": 0.25,
    "A_stats": {
      "mean": 1.0,
      "std": 0.014936843886971474,
      "min": 0.967509925365448,
      "max": 1.041592001914978,
      "q10": 0.9807549715042114,
      "q25": 0.987547755241394,
      "q50": 0.9993964433670044,
      "q75": 1.0113482475280762,
      "q90": 1.0204845666885376
    },
    "A_fis_stats": {
      "mean": 1.0016400814056396,
      "std": 0.059775322675704956,
      "min": 0.8723575472831726,
      "max": 1.1664294004440308,
      "q10": 0.9247462749481201,
      "q25": 0.9513712525367737,
      "q50": 0.9992220997810364,
      "q75": 1.0470993518829346,
      "q90": 1.0837045907974243
    },
    "A_entropy": -2768.46305411812,
    "A_fis_entropy": -357.7549894485666,
    "A_range_max_div_min": 1.0765698251166256,
    "A_std_ratio": 0.24988307414376623,
    "E_ztx_stats": {
      "mean": 1.0,
      "std": 0.4589501619338989,
      "min": 0.024485893547534943,
      "max": 4.116155624389648,
      "q10": 0.4869127571582794,
      "q25": 0.6832019090652466,
      "q50": 0.9401398301124573,
      "q75": 1.2304503917694092,
      "q90": 1.5872193574905396
    },
    "E_top20_ratio": 0.3393150269985199,
    "corr_A_I": 0.8931615948677063,
    "score_raw_stats": {
      "mean": 0.19528651237487793,
      "std": 0.13606806099414825,
      "min": -0.03543552756309509,
      "max": 0.4189698100090027,
      "q10": 0.0037219077348709106,
      "q25": 0.07651754468679428,
      "q50": 0.19925647974014282,
      "q75": 0.31089431047439575,
      "q90": 0.38531002402305603
    },
    "score_post_stats": {
      "mean": -1.862645149230957e-09,
      "std": 0.24335405230522156,
      "min": -0.5978437662124634,
      "max": 0.6989718675613403,
      "q10": -0.3170173764228821,
      "q25": -0.19804300367832184,
      "q50": -0.0030518770217895508,
      "q75": 0.1824846863746643,
      "q90": 0.32634931802749634
    },
    "score_centering_loss": -0.1072859913110733,
    "rule1_entropy": 2.710163116455078,
    "rule1_distribution": [
      0.135668,
      0.064862,
      0.161722,
      0.163975,
      0.246898,
      0.10929,
      0.117585
    ],
    "rule2_entropy": 2.410151958465576,
    "rule2_distribution": [
      0.060289,
      0.181413,
      0.179221,
      0.08128,
      0.305108,
      0.192688
    ],
    "A_spread_ratio": 0.039729594787030226
  },
  "0.5": {
    "budget": 0.5,
    "A_stats": {
      "mean": 1.0,
      "std": 0.029861174523830414,
      "min": 0.9350586533546448,
      "max": 1.083182692527771,
      "q10": 0.961529552936554,
      "q25": 0.9751030802726746,
      "q50": 0.998793363571167,
      "q75": 1.02268648147583,
      "q90": 1.0409488677978516
    },
    "A_fis_stats": {
      "mean": 1.0016400814056396,
      "std": 0.059775322675704956,
      "min": 0.8723575472831726,
      "max": 1.1664294004440308,
      "q10": 0.9247462749481201,
      "q25": 0.9513712525367737,
      "q50": 0.9992220997810364,
      "q75": 1.0470993518829346,
      "q90": 1.0837045907974243
    },
    "A_entropy": -1047.4852189213213,
    "A_fis_entropy": -357.7549894485666,
    "A_range_max_div_min": 1.1584114825926664,
    "A_std_ratio": 0.49955681026208937,
    "E_ztx_stats": {
      "mean": 1.0,
      "std": 0.4883756935596466,
      "min": 0.022904498502612114,
      "max": 4.358388900756836,
      "q10": 0.46123695373535156,
      "q25": 0.6565506458282471,
      "q50": 0.9267028570175171,
      "q75": 1.242038607597351,