{
  "0.0": {
    "budget": 0.0,
    "A_stats": {
      "mean": 1.0,
      "std": 0.0,
      "min": 1.0,
      "max": 1.0,
      "q10": 1.0,
      "q25": 1.0,
      "q50": 1.0,
      "q75": 1.0,
      "q90": 1.0
    },
    "A_fis_stats": {
      "mean": 1.004326581954956,
      "std": 0.09991608560085297,
      "min": 0.799505352973938,
      "max": 1.3118343353271484,
      "q10": 0.8834419846534729,
      "q25": 0.92261803150177,
      "q50": 0.9920810461044312,
      "q75": 1.0734302997589111,
      "q90": 1.1490297317504883
    },
    "A_entropy": -282.19314740218636,
    "A_fis_entropy": -134.11805306928693,
    "A_range_max_div_min": 0.9999999900000002,
    "A_std_ratio": 0.0,
    "E_ztx_stats": {
      "mean": 1.0,
      "std": 0.4296511709690094,
      "min": 0.026127398014068604,
      "max": 3.8736515045166016,
      "q10": 0.5106759071350098,
      "q25": 0.7085593938827515,
      "q50": 0.9503597021102905,
      "q75": 1.2157350778579712,
      "q90": 1.5427207946777344
    },
    "E_top20_ratio": 0.3289845585823059,
    "corr_A_I": 0.0,
    "score_raw_stats": {
      "mean": 0.23371070623397827,
      "std": 0.13118571043014526,
      "min": 0.0148329958319664,
      "max": 0.4839947521686554,
      "q10": 0.05712728202342987,
      "q25": 0.12473353743553162,
      "q50": 0.22798165678977966,
      "q75": 0.33312737941741943,
      "q90": 0.42753148078918457
    },
    "score_post_stats": {
      "mean": 2.7939677238464355e-09,
      "std": 0.23546147346496582,
      "min": -0.5686887502670288,
      "max": 0.7314780950546265,
      "q10": -0.29300230741500854,
      "q25": -0.18730957806110382,
      "q50": -0.01827901601791382,
      "q75": 0.16435927152633667,
      "q90": 0.3309246003627777
    },
    "score_centering_loss": -0.10427576303482056,
    "rule1_entropy": 2.710163116455078,
    "rule1_distribution": [
      0.135668,
      0.064862,
      0.161722,
      0.163975,
      0.246898,
      0.10929,
      0.117585
    ],
    "rule2_entropy": 2.2893757820129395,
    "rule2_distribution": [
      0.182932,
      0.049717,
      0.03272,
      0.282625,
      0.282625,
      0.169382
    ],
    "A_spread_ratio": 0.0
  },
  "0.1": {
    "budget": 0.1,
    "A_stats": {
      "mean": 1.0,
      "std": 0.009986539371311665,
      "min": 0.9793720841407776,
      "max": 1.030982255935669,
      "q10": 0.9879215955734253,
      "q25": 0.9918750524520874,
      "q50": 0.9987795352935791,
      "q75": 1.006903886795044,
      "q90": 1.0144355297088623
    },
    "A_fis_stats": {
      "mean": 1.004326581954956,
      "std": 0.09991608560085297,
      "min": 0.799505352973938,
      "max": 1.3118343353271484,
      "q10": 0.8834419846534729,
      "q25": 0.92261803150177,
      "q50": 0.9920810461044312,
      "q75": 1.0734302997589111,
      "q90": 1.1490297317504883
    },
    "A_entropy": -4545.807485662312,
    "A_fis_entropy": -134.11805306928693,
    "A_range_max_div_min": 1.05269719456339,
    "A_std_ratio": 0.09994925553542558,
    "E_ztx_stats": {
      "mean": 0.9999999403953552,
      "std": 0.4506646990776062,
      "min": 0.02506176009774208,
      "max": 4.057931900024414,
      "q10": 0.4955297112464905,
      "q25": 0.6914171576499939,
      "q50": 0.9429758191108704,
      "q75": 1.2236742973327637,
      "q90": 1.573268175125122
    },
    "E_top20_ratio": 0.33652397990226746,
    "corr_A_I": 0.8960007429122925,
    "score_raw_stats": {
      "mean": 0.23371070623397827,
      "std": 0.13118571043014526,
      "min": 0.0148329958319664,
      "max": 0.4839947521686554,
      "q10": 0.05712728202342987,
      "q25": 0.12473353743553162,
      "q50": 0.22798165678977966,
      "q75": 0.33312737941741943,
      "q90": 0.42753148078918457
    },
    "score_post_stats": {
      "mean": 2.7939677238464355e-09,
      "std": 0.23546147346496582,
      "min": -0.5686887502670288,
      "max": 0.7314780950546265,
      "q10": -0.29300230741500854,
      "q25": -0.18730957806110382,
      "q50": -0.01827901601791382,
      "q75": 0.16435927152633667,
      "q90": 0.3309246003627777
    },
    "score_centering_loss": -0.10427576303482056,
    "rule1_entropy": 2.710163116455078,
    "rule1_distribution": [
      0.135668,
      0.064862,
      0.161722,
      0.163975,
      0.246898,
      0.10929,
      0.117585
    ],
    "rule2_entropy": 2.2893757820129395,
    "rule2_distribution": [
      0.182932,
      0.049717,
      0.03272,
      0.282625,
      0.282625,
      0.169382
    ],
    "A_spread_ratio": 0.026513933870297674
  },
  "0.25": {
    "budget": 0.25,
    "A_stats": {
      "mean": 1.0,
      "std": 0.024949632585048676,
      "min": 0.9484761953353882,
      "max": 1.0774331092834473,
      "q10": 0.9698255062103271,
      "q25": 0.9796980023384094,
      "q50": 0.9969507455825806,
      "q75": 1.0172480344772339,
      "q90": 1.0360612869262695
    },
    "A_fis_stats": {
      "mean": 1.004326581954956,
      "std": 0.09991608560085297,
      "min": 0.799505352973938,
      "max": 1.3118343353271484,
      "q10": 0.8834419846534729,
      "q25": 0.92261803150177,
      "q50": 0.9920810461044312,
      "q75": 1.0734302997589111,
      "q90": 1.1490297317504883
    },
    "A_entropy": -1307.0423632314564,
    "A_fis_entropy": -134.11805306928693,
    "A_range_max_div_min": 1.1359621920114051,
    "A_std_ratio": 0.24970584003520335,
    "E_ztx_stats": {
      "mean": 1.0,
      "std": 0.48245587944984436,
      "min": 0.02351074106991291,
      "max": 4.33509635925293,
      "q10": 0.471360981464386,
      "q25": 0.666083812713623,
      "q50": 0.9268092513084412,
      "q75": 1.2340130805969238,
      "q90": 1.6240196228027344
    },
    "E_top20_ratio": 0.34783685207366943,
    "corr_A_I": 0.8959996700286865,
    "score_raw_stats": {
      "mean": 0.23371070623397827,
      "std": 0.13118571043014526,
      "min": 0.0148329958319664,
      "max": 0.4839947521686554,
      "q10": 0.05712728202342987,
      "q25": 0.12473353743553162,
      "q50": 0.22798165678977966,
      "q75": 0.33312737941741943,
      "q90": 0.42753148078918457
    },
    "score_post_stats": {
      "mean": 2.7939677238464355e-09,
      "std": 0.23546147346496582,
      "min": -0.5686887502670288,
      "max": 0.7314780950546265,
      "q10": -0.29300230741500854,
      "q25": -0.18730957806110382,
      "q50": -0.01827901601791382,
      "q75": 0.16435927152633667,
      "q90": 0.3309246003627777
    },
    "score_centering_loss": -0.10427576303482056,
    "rule1_entropy": 2.710163116455078,
    "rule1_distribution": [
      0.135668,
      0.064862,
      0.161722,
      0.163975,
      0.246898,
      0.10929,
      0.117585
    ],
    "rule2_entropy": 2.2893757820129395,
    "rule2_distribution": [
      0.182932,
      0.049717,
      0.03272,
      0.282625,
      0.282625,
      0.169382
    ],
    "A_spread_ratio": 0.06623578005358459
  },
  "0.5": {
    "budget": 0.5,
    "A_stats": {
      "mean": 1.0,
      "std": 0.04984369874000549,
      "min": 0.8971041440963745,
      "max": 1.1547906398773193,
      "q10": 0.9397231340408325,
      "q25": 0.9594303369522095,
      "q50": 0.9939079284667969,
      "q75": 1.0344573259353638,
      "q90": 1.0720312595367432
    },
    "A_fis_stats": {
      "mean": 1.004326581954956,
      "std": 0.09991608560085297,
      "min": 0.799505352973938,
      "max": 1.3118343353271484,
      "q10": 0.8834419846534729,
      "q25": 0.92261803150177,
      "q50": 0.9920810461044312,
      "q75": 1.0734302997589111,
      "q90": 1.1490297317504883
    },
    "A_entropy": -460.38776522155257,
    "A_fis_entropy": -134.11805306928693,
    "A_range_max_div_min": 1.2872425510508358,
    "A_std_ratio": 0.4988555491511819,
    "E_ztx_stats": {
      "mean": 1.0,
      "std": 0.5357986092567444,
      "min": 0.021051550284028053,
      "max": 4.797052383422852,
      "q10": 0.4326443672180176,
      "q25": 0.6247016191482544,
      "q50": 0.9023972749710083,
      "q75": 1.247915506362915,