{
  "0.0": {
    "budget": 0.0,
    "A_stats": {
      "mean": 1.0,
      "std": 0.0,
      "min": 1.0,
      "max": 1.0,
      "q10": 1.0,
      "q25": 1.0,
      "q50": 1.0,
      "q75": 1.0,
      "q90": 1.0
    },
    "A_fis_stats": {
      "mean": 1.0029027462005615,
      "std": 0.08009575307369232,
      "min": 0.8327720165252686,
      "max": 1.2357151508331299,
      "q10": 0.9019631147384644,
      "q25": 0.9362559914588928,
      "q50": 0.9973043203353882,
      "q75": 1.0617198944091797,
      "q90": 1.1150599718093872
    },
    "A_entropy": -282.19314740218636,
    "A_fis_entropy": -208.24946452831927,
    "A_range_max_div_min": 0.9999999900000002,
    "A_std_ratio": 0.0,
    "E_ztx_stats": {
      "mean": 1.0,
      "std": 0.4296511709690094,
      "min": 0.026127398014068604,
      "max": 3.8736515045166016,
      "q10": 0.5106759071350098,
      "q25": 0.7085593938827515,
      "q50": 0.9503597021102905,
      "q75": 1.2157350778579712,
      "q90": 1.5427207946777344
    },
    "E_top20_ratio": 0.3289845585823059,
    "corr_A_I": 0.0,
    "score_raw_stats": {
      "mean": 0.2607574462890625,
      "std": 0.13412795960903168,
      "min": 0.028720073401927948,
      "max": 0.49502065777778625,
      "q10": 0.07391723990440369,
      "q25": 0.14779484272003174,
      "q50": 0.2613934576511383,
      "q75": 0.3691960275173187,
      "q90": 0.45219990611076355
    },
    "score_post_stats": {
      "mean": -9.313225746154785e-10,
      "std": 0.2400059700012207,
      "min": -0.5907312631607056,
      "max": 0.7144787907600403,
      "q10": -0.3085060119628906,
      "q25": -0.19328853487968445,
      "q50": -0.007824242115020752,
      "q75": 0.17537057399749756,
      "q90": 0.32683733105659485
    },
    "score_centering_loss": -0.10587801039218903,
    "rule1_entropy": 2.710163116455078,
    "rule1_distribution": [
      0.135668,
      0.064862,
      0.161722,
      0.163975,
      0.246898,
      0.10929,
      0.117585
    ],
    "rule2_entropy": 2.452256679534912,
    "rule2_distribution": [
      0.149398,
      0.151233,
      0.049865,
      0.244961,
      0.248226,
      0.156316
    ],
    "A_spread_ratio": 0.0
  },
  "0.1": {
    "budget": 0.1,
    "A_stats": {
      "mean": 1.0,
      "std": 0.008006769232451916,
      "min": 0.9828935861587524,
      "max": 1.0234763622283936,
      "q10": 0.9899089336395264,
      "q25": 0.9933730959892273,
      "q50": 0.9994570016860962,
      "q75": 1.0058804750442505,
      "q90": 1.0111647844314575
    },
    "A_fis_stats": {
      "mean": 1.0029027462005615,
      "std": 0.08009575307369232,
      "min": 0.8327720165252686,
      "max": 1.2357151508331299,
      "q10": 0.9019631147384644,
      "q25": 0.9362559914588928,
      "q50": 0.9973043203353882,
      "q75": 1.0617198944091797,
      "q90": 1.1150599718093872
    },
    "A_entropy": -6159.6435238590475,
    "A_fis_entropy": -208.24946452831927,
    "A_range_max_div_min": 1.0412890736375153,
    "A_std_ratio": 0.099964953515522,
    "E_ztx_stats": {
      "mean": 1.0,
      "std": 0.44581761956214905,
      "min": 0.025259170681238174,
      "max": 4.01146936416626,
      "q10": 0.49902063608169556,
      "q25": 0.6947025656700134,
      "q50": 0.9449728727340698,
      "q75": 1.2236573696136475,
      "q90": 1.5671992301940918
    },
    "E_top20_ratio": 0.3347334861755371,
    "corr_A_I": 0.8957512974739075,
    "score_raw_stats": {
      "mean": 0.2607574462890625,
      "std": 0.13412795960903168,
      "min": 0.028720073401927948,
      "max": 0.49502065777778625,
      "q10": 0.07391723990440369,
      "q25": 0.14779484272003174,
      "q50": 0.2613934576511383,
      "q75": 0.3691960275173187,
      "q90": 0.45219990611076355
    },
    "score_post_stats": {
      "mean": -9.313225746154785e-10,
      "std": 0.2400059700012207,
      "min": -0.5907312631607056,
      "max": 0.7144787907600403,
      "q10": -0.3085060119628906,
      "q25": -0.19328853487968445,
      "q50": -0.007824242115020752,
      "q75": 0.17537057399749756,
      "q90": 0.32683733105659485
    },
    "score_centering_loss": -0.10587801039218903,
    "rule1_entropy": 2.710163116455078,
    "rule1_distribution": [
      0.135668,
      0.064862,
      0.161722,
      0.163975,
      0.246898,
      0.10929,
      0.117585
    ],
    "rule2_entropy": 2.452256679534912,
    "rule2_distribution": [
      0.149398,
      0.151233,
      0.049865,
      0.244961,
      0.248226,
      0.156316
    ],
    "A_spread_ratio": 0.021255850579372647
  },
  "0.25": {
    "budget": 0.25,
    "A_stats": {
      "mean": 1.0,
      "std": 0.020007947459816933,
      "min": 0.9572586417198181,
      "max": 1.0586827993392944,
      "q10": 0.9747838377952576,
      "q25": 0.9834384322166443,
      "q50": 0.9986430406570435,
      "q75": 1.0146937370300293,
      "q90": 1.0279006958007812
    },
    "A_fis_stats": {
      "mean": 1.0029027462005615,
      "std": 0.08009575307369232,
      "min": 0.8327720165252686,
      "max": 1.2357151508331299,
      "q10": 0.9019631147384644,
      "q25": 0.9362559914588928,
      "q50": 0.9973043203353882,
      "q75": 1.0617198944091797,
      "q90": 1.1150599718093872
    },
    "A_entropy": -1812.9848461599806,
    "A_fis_entropy": -208.24946452831927,
    "A_range_max_div_min": 1.1059527092675077,
    "A_std_ratio": 0.24980032266386634,
    "E_ztx_stats": {
      "mean": 1.0,
      "std": 0.4701911509037018,
      "min": 0.02398804947733879,
      "max": 4.218347072601318,
      "q10": 0.4788786768913269,
      "q25": 0.6745343208312988,
      "q50": 0.9338598251342773,
      "q75": 1.2339301109313965,
      "q90": 1.6037111282348633
    },
    "E_top20_ratio": 0.3433498740196228,
    "corr_A_I": 0.8957492709159851,
    "score_raw_stats": {
      "mean": 0.2607574462890625,
      "std": 0.13412795960903168,
      "min": 0.028720073401927948,
      "max": 0.49502065777778625,
      "q10": 0.07391723990440369,
      "q25": 0.14779484272003174,
      "q50": 0.2613934576511383,
      "q75": 0.3691960275173187,
      "q90": 0.45219990611076355
    },
    "score_post_stats": {
      "mean": -9.313225746154785e-10,
      "std": 0.2400059700012207,
      "min": -0.5907312631607056,
      "max": 0.7144787907600403,
      "q10": -0.3085060119628906,
      "q25": -0.19328853487968445,
      "q50": -0.007824242115020752,
      "q75": 0.17537057399749756,
      "q90": 0.32683733105659485
    },
    "score_centering_loss": -0.10587801039218903,
    "rule1_entropy": 2.710163116455078,
    "rule1_distribution": [
      0.135668,
      0.064862,
      0.161722,
      0.163975,
      0.246898,
      0.10929,
      0.117585
    ],
    "rule2_entropy": 2.452256679534912,
    "rule2_distribution": [
      0.149398,
      0.151233,
      0.049865,
      0.244961,
      0.248226,
      0.156316
    ],
    "A_spread_ratio": 0.05311685747435511
  },
  "0.5": {
    "budget": 0.5,
    "A_stats": {
      "mean": 1.0,
      "std": 0.03998604044318199,
      "min": 0.9146005511283875,
      "max": 1.1173384189605713,
      "q10": 0.949602484703064,
      "q25": 0.9668955206871033,
      "q50": 0.9972878694534302,
      "q75": 1.0293703079223633,
      "q90": 1.0557639598846436
    },
    "A_fis_stats": {
      "mean": 1.0029027462005615,
      "std": 0.08009575307369232,
      "min": 0.8327720165252686,
      "max": 1.2357151508331299,
      "q10": 0.9019631147384644,
      "q25": 0.9362559914588928,
      "q50": 0.9973043203353882,
      "q75": 1.0617198944091797,
      "q90": 1.1150599718093872
    },
    "A_entropy": -660.7125905911465,
    "A_fis_entropy": -208.24946452831927,
    "A_range_max_div_min": 1.2216681975157069,
    "A_std_ratio": 0.4992279105499342,
    "E_ztx_stats": {
      "mean": 1.0,
      "std": 0.5109668374061584,
      "min": 0.02195236086845398,
      "max": 4.562644958496094,
      "q10": 0.44444960355758667,
      "q25": 0.6392613053321838,
      "q50": 0.9160089492797852,
      "q75": 1.2462912797927856,