{
  "full": {
    "A_stats": {
      "mean": 1.0,
      "std": 0.07985297590494156,
      "min": 0.8295334577560425,
      "max": 1.234567642211914,
      "q10": 0.8993431329727173,
      "q25": 0.9338791370391846,
      "q50": 0.9945826530456543,
      "q75": 1.058691382408142,
      "q90": 1.1113781929016113
    },
    "A_entropy": -207.51332776295692,
    "corr_A_I": 0.8957411050796509,
    "score_raw_stats": {
      "mean": 0.2607574462890625,
      "std": 0.13412795960903168,
      "min": 0.028720073401927948,
      "max": 0.49502065777778625,
      "q10": 0.07391723990440369,
      "q25": 0.14779484272003174,
      "q50": 0.2613934576511383,
      "q75": 0.3691960275173187,
      "q90": 0.45219990611076355
    },
    "score_post_stats": {
      "mean": -9.313225746154785e-10,
      "std": 0.2400059700012207,
      "min": -0.5907312631607056,
      "max": 0.7144787907600403,
      "q10": -0.3085060119628906,
      "q25": -0.19328853487968445,
      "q50": -0.007824242115020752,
      "q75": 0.17537057399749756,
      "q90": 0.32683733105659485
    },
    "rule1_entropy": 2.710163116455078,
    "rule1_distribution": [
      0.135668,
      0.064862,
      0.161722,
      0.163975,
      0.246898,
      0.10929,
      0.117585
    ],
    "rule2_entropy": 2.452256679534912,
    "rule2_distribution": [
      0.149398,
      0.151233,
      0.049865,
      0.244961,
      0.248226,
      0.156316
    ],
    "E_top20_ratio": 0.38566476106643677,
    "psnr": 8.9415
  },
  "snr_only": {
    "A_stats": {
      "mean": 1.0,
      "std": 0.0,
      "min": 1.0,
      "max": 1.0,
      "q10": 1.0,
      "q25": 1.0,
      "q50": 1.0,
      "q75": 1.0,
      "q90": 1.0
    },
    "A_entropy": -282.19314740218636,
    "corr_A_I": null,
    "score_raw_stats": {
      "mean": 0.2549538314342499,
      "std": 0.0,
      "min": 0.2549538314342499,
      "max": 0.2549538314342499,
      "q10": 0.2549538314342499,
      "q25": 0.2549538314342499,
      "q50": 0.2549538314342499,
      "q75": 0.2549538314342499,
      "q90": 0.2549538314342499
    },
    "score_post_stats": {
      "mean": 0.0,
      "std": 0.0,
      "min": 0.0,
      "max": 0.0,
      "q10": 0.0,
      "q25": 0.0,
      "q50": 0.0,
      "q75": 0.0,
      "q90": 0.0
    },
    "rule2_entropy": 2.3748793601989746,
    "rule2_distribution": [
      0.128264,
      0.129825,
      0.044109,
      0.282069,
      0.285908,
      0.129825
    ],
    "E_top20_ratio": 0.3289845585823059,
    "psnr": 9.5578
  },
  "importance_only": {
    "A_stats": {
      "mean": 1.0,
      "std": 0.0732032060623169,
      "min": 0.8440793752670288,
      "max": 1.2090672254562378,
      "q10": 0.9070873260498047,
      "q25": 0.9390041828155518,
      "q50": 0.9953778982162476,
      "q75": 1.054855465888977,
      "q90": 1.1018342971801758
    },
    "A_entropy": -248.10132621771774,
    "corr_A_I": 0.8949906826019287,
    "score_raw_stats": {
      "mean": 0.20317864418029785,
      "std": 0.14213068783283234,
      "min": -0.038434162735939026,
      "max": 0.44715502858161926,
      "q10": 0.005266822874546051,
      "q25": 0.08126255869865417,
      "q50": 0.20430712401866913,
      "q75": 0.32030320167541504,
      "q90": 0.4052095115184784
    },
    "score_post_stats": {
      "mean": -1.862645149230957e-09,
      "std": 0.2543691098690033,
      "min": -0.6233750581741333,
      "max": 0.7480107545852661,
      "q10": -0.3275902271270752,
      "q25": -0.2064184546470642,
      "q50": -0.0077252984046936035,
      "q75": 0.18803106248378754,
      "q90": 0.34564855694770813
    },
    "rule1_entropy": 2.710163116455078,
    "rule1_distribution": [
      0.135668,
      0.064862,
      0.161722,
      0.163975,
      0.246898,
      0.10929,
      0.117585
    ],
    "rule2_entropy": 2.449713945388794,
    "rule2_distribution": [
      0.090361,
      0.184608,
      0.090361,
      0.139325,
      0.306817,
      0.188529
    ],
    "E_top20_ratio": 0.3804434537887573,
    "psnr": 9.1626
  },
  "linear": {
    "A_stats": {
      "mean": 1.0,
      "std": 0.05218132957816124,
      "min": 0.8834389448165894,
      "max": 1.1658198833465576,
      "q10": 0.9359016418457031,
      "q25": 0.9581015110015869,
      "q50": 0.9950830936431885,
      "q75": 1.0358846187591553,
      "q90": 1.0739891529083252
    },
    "A_entropy": -404.3270370579871,
    "corr_A_I": 0.8968988656997681,
    "score_raw_stats": {
      "mean": -9.313225746154785e-10,
      "std": 0.15295608341693878,
      "min": -0.3706875443458557,
      "max": 0.48060962557792664,
      "q10": -0.1906273514032364,
      "q25": -0.12153714150190353,
      "q50": -0.010854009538888931,
      "q75": 0.10617523640394211,
      "q90": 0.21372896432876587
    },
    "score_post_stats": {
      "mean": -9.313225746154785e-10,
      "std": 0.15295608341693878,
      "min": -0.3706875443458557,
      "max": 0.48060962557792664,
      "q10": -0.1906273514032364,
      "q25": -0.12153714150190353,
      "q50": -0.010854009538888931,
      "q75": 0.10617523640394211,
      "q90": 0.21372896432876587
    },
    "rule1_entropy": 2.710163116455078,
    "rule1_distribution": [
      0.135668,
      0.064862,
      0.161722,
      0.163975,
      0.246898,
      0.10929,
      0.117585
    ],
    "E_top20_ratio": 0.3677012622356415,
    "psnr": 9.6523
  },
  "__pairwise_corr__": {
    "full_vs_snr_only": {
      "corr_A": 0.0,
      "l2_rel_A": 0.0796
    },
    "full_vs_importance_only": {
      "corr_A": 0.999851,
      "l2_rel_A": 0.006758
    },
    "full_vs_linear": {
      "corr_A": 0.998251,
      "l2_rel_A": 0.027845
    },
    "snr_only_vs_importance_only": {
      "corr_A": 0.0,
      "l2_rel_A": 0.073203
    },
    "snr_only_vs_linear": {
      "corr_A": 0.0,
      "l2_rel_A": 0.052181
    },
    "importance_only_vs_linear": {
      "corr_A": 0.997271,
      "l2_rel_A": 0.021455
    }
  }
}