{
  "full": {
    "A_stats": {
      "mean": 1.0,
      "std": 0.05967240035533905,
      "min": 0.8702725172042847,
      "max": 1.16636061668396,
      "q10": 0.9231375455856323,
      "q25": 0.9502360820770264,
      "q50": 0.9975889921188354,
      "q75": 1.045332670211792,
      "q90": 1.0818283557891846
    },
    "A_entropy": -355.47943974992563,
    "corr_A_I": 0.8931553363800049,
    "score_raw_stats": {
      "mean": 0.19528651237487793,
      "std": 0.13606806099414825,
      "min": -0.03543552756309509,
      "max": 0.4189698100090027,
      "q10": 0.0037219077348709106,
      "q25": 0.07651754468679428,
      "q50": 0.19925647974014282,
      "q75": 0.31089431047439575,
      "q90": 0.38531002402305603
    },
    "score_post_stats": {
      "mean": -1.862645149230957e-09,
      "std": 0.24335405230522156,
      "min": -0.5978437662124634,
      "max": 0.6989718675613403,
      "q10": -0.3170173764228821,
      "q25": -0.19804300367832184,
      "q50": -0.0030518770217895508,
      "q75": 0.1824846863746643,
      "q90": 0.32634931802749634
    },
    "rule1_entropy": 2.710163116455078,
    "rule1_distribution": [
      0.135668,
      0.064862,
      0.161722,
      0.163975,
      0.246898,
      0.10929,
      0.117585
    ],
    "rule2_entropy": 2.410151958465576,
    "rule2_distribution": [
      0.060289,
      0.181413,
      0.179221,
      0.08128,
      0.305108,
      0.192688
    ],
    "E_top20_ratio": 0.3699372410774231,
    "psnr": 9.2231
  },
  "snr_only": {
    "A_stats": {
      "mean": 1.0,
      "std": 0.0,
      "min": 1.0,
      "max": 1.0,
      "q10": 1.0,
      "q25": 1.0,
      "q50": 1.0,
      "q75": 1.0,
      "q90": 1.0
    },
    "A_entropy": -282.19314740218636,
    "corr_A_I": null,
    "score_raw_stats": {
      "mean": 0.19225388765335083,
      "std": 0.0,
      "min": 0.19225388765335083,
      "max": 0.19225388765335083,
      "q10": 0.19225388765335083,
      "q25": 0.19225388765335083,
      "q50": 0.19225388765335083,
      "q75": 0.19225388765335083,
      "q90": 0.19225388765335083
    },
    "score_post_stats": {
      "mean": 0.0,
      "std": 0.0,
      "min": 0.0,
      "max": 0.0,
      "q10": 0.0,
      "q25": 0.0,
      "q50": 0.0,
      "q75": 0.0,
      "q90": 0.0
    },
    "rule2_entropy": 2.359279155731201,
    "rule2_distribution": [
      0.055887,
      0.164492,
      0.162515,
      0.09036,
      0.362254,
      0.164492
    ],
    "E_top20_ratio": 0.3289845585823059,
    "psnr": 9.4584
  },
  "importance_only": {
    "A_stats": {
      "mean": 1.0,
      "std": 0.0732032060623169,
      "min": 0.8440793752670288,
      "max": 1.2090672254562378,
      "q10": 0.9070873260498047,
      "q25": 0.9390041828155518,
      "q50": 0.9953778982162476,
      "q75": 1.054855465888977,
      "q90": 1.1018342971801758
    },
    "A_entropy": -248.10132621771774,
    "corr_A_I": 0.8949906826019287,
    "score_raw_stats": {
      "mean": 0.20317864418029785,
      "std": 0.14213068783283234,
      "min": -0.038434162735939026,
      "max": 0.44715502858161926,
      "q10": 0.005266822874546051,
      "q25": 0.08126255869865417,
      "q50": 0.20430712401866913,
      "q75": 0.32030320167541504,
      "q90": 0.4052095115184784
    },
    "score_post_stats": {
      "mean": -1.862645149230957e-09,
      "std": 0.2543691098690033,
      "min": -0.6233750581741333,
      "max": 0.7480107545852661,
      "q10": -0.3275902271270752,
      "q25": -0.2064184546470642,
      "q50": -0.0077252984046936035,
      "q75": 0.18803106248378754,
      "q90": 0.34564855694770813
    },
    "rule1_entropy": 2.710163116455078,
    "rule1_distribution": [
      0.135668,
      0.064862,
      0.161722,
      0.163975,
      0.246898,
      0.10929,
      0.117585
    ],
    "rule2_entropy": 2.449713945388794,
    "rule2_distribution": [
      0.090361,
      0.184608,
      0.090361,
      0.139325,
      0.306817,
      0.188529
    ],
    "E_top20_ratio": 0.3804434537887573,
    "psnr": 9.4207
  },
  "linear": {
    "A_stats": {
      "mean": 1.0,
      "std": 0.03848985582590103,
      "min": 0.9127094149589539,
      "max": 1.1203783750534058,
      "q10": 0.9524884223937988,
      "q25": 0.9690966010093689,
      "q50": 0.9966573715209961,
      "q75": 1.0266714096069336,
      "q90": 1.0544407367706299
    },
    "A_entropy": -654.3910148398595,
    "corr_A_I": 0.897030770778656,
    "score_raw_stats": {
      "mean": -9.313225746154785e-10,
      "std": 0.15295608341693878,
      "min": -0.3706875443458557,
      "max": 0.48060962557792664,
      "q10": -0.1906273514032364,
      "q25": -0.12153714150190353,
      "q50": -0.010854009538888931,
      "q75": 0.10617523640394211,
      "q90": 0.21372896432876587
    },
    "score_post_stats": {
      "mean": -9.313225746154785e-10,
      "std": 0.15295608341693878,
      "min": -0.3706875443458557,
      "max": 0.48060962557792664,
      "q10": -0.1906273514032364,
      "q25": -0.12153714150190353,
      "q50": -0.010854009538888931,
      "q75": 0.10617523640394211,
      "q90": 0.21372896432876587
    },
    "rule1_entropy": 2.710163116455078,
    "rule1_distribution": [
      0.135668,
      0.064862,
      0.161722,
      0.163975,
      0.246898,
      0.10929,
      0.117585
    ],
    "E_top20_ratio": 0.35742294788360596,
    "psnr": 8.9756
  },
  "__pairwise_corr__": {
    "full_vs_snr_only": {
      "corr_A": 0.0,
      "l2_rel_A": 0.059566
    },
    "full_vs_importance_only": {
      "corr_A": 0.999514,
      "l2_rel_A": 0.013663
    },
    "full_vs_linear": {
      "corr_A": 0.995181,
      "l2_rel_A": 0.02166
    },
    "snr_only_vs_importance_only": {
      "corr_A": 0.0,
      "l2_rel_A": 0.073203
    },
    "snr_only_vs_linear": {
      "corr_A": 0.0,
      "l2_rel_A": 0.03849
    },
    "importance_only_vs_linear": {
      "corr_A": 0.99756,
      "l2_rel_A": 0.034818
    }
  }
}