{
  "full": {
    "A_stats": {
      "mean": 1.0,
      "std": 0.09946591407060623,
      "min": 0.7948121428489685,
      "max": 1.3092801570892334,
      "q10": 0.8797482252120972,
      "q25": 0.9189691543579102,
      "q50": 0.9878420233726501,
      "q75": 1.0687605142593384,
      "q90": 1.1436983346939087
    },
    "A_entropy": -133.6291362068095,
    "corr_A_I": 0.8959928750991821,
    "score_raw_stats": {
      "mean": 0.23371070623397827,
      "std": 0.13118571043014526,
      "min": 0.0148329958319664,
      "max": 0.4839947521686554,
      "q10": 0.05712728202342987,
      "q25": 0.12473353743553162,
      "q50": 0.22798165678977966,
      "q75": 0.33312737941741943,
      "q90": 0.42753148078918457
    },
    "score_post_stats": {
      "mean": 2.7939677238464355e-09,
      "std": 0.23546147346496582,
      "min": -0.5686887502670288,
      "max": 0.7314780950546265,
      "q10": -0.29300230741500854,
      "q25": -0.18730957806110382,
      "q50": -0.01827901601791382,
      "q75": 0.16435927152633667,
      "q90": 0.3309246003627777
    },
    "rule1_entropy": 2.710163116455078,
    "rule1_distribution": [
      0.135668,
      0.064862,
      0.161722,
      0.163975,
      0.246898,
      0.10929,
      0.117585
    ],
    "rule2_entropy": 2.2893757820129395,
    "rule2_distribution": [
      0.182932,
      0.049717,
      0.03272,
      0.282625,
      0.282625,
      0.169382
    ],
    "E_top20_ratio": 0.4031587839126587,
    "psnr": 8.9849
  },
  "snr_only": {
    "A_stats": {
      "mean": 1.0,
      "std": 0.0,
      "min": 1.0,
      "max": 1.0,
      "q10": 1.0,
      "q25": 1.0,
      "q50": 1.0,
      "q75": 1.0,
      "q90": 1.0
    },
    "A_entropy": -282.19314740218636,
    "corr_A_I": null,
    "score_raw_stats": {
      "mean": 0.22203698754310608,
      "std": 0.0,
      "min": 0.22203698754310608,
      "max": 0.22203698754310608,
      "q10": 0.22203698754310608,
      "q25": 0.22203698754310608,
      "q50": 0.22203698754310608,
      "q75": 0.22203698754310608,
      "q90": 0.22203698754310608
    },
    "score_post_stats": {
      "mean": 0.0,
      "std": 0.0,
      "min": 0.0,
      "max": 0.0,
      "q10": 0.0,
      "q25": 0.0,
      "q50": 0.0,
      "q75": 0.0,
      "q90": 0.0
    },
    "rule2_entropy": 2.1993842124938965,
    "rule2_distribution": [
      0.144163,
      0.041937,
      0.029436,
      0.320151,
      0.320151,
      0.144163
    ],
    "E_top20_ratio": 0.3289845585823059,
    "psnr": 9.4958
  },
  "importance_only": {
    "A_stats": {
      "mean": 1.0,
      "std": 0.0732032060623169,
      "min": 0.8440793752670288,
      "max": 1.2090672254562378,
      "q10": 0.9070873260498047,
      "q25": 0.9390041828155518,
      "q50": 0.9953778982162476,
      "q75": 1.054855465888977,
      "q90": 1.1018342971801758
    },
    "A_entropy": -248.10132621771774,
    "corr_A_I": 0.8949906826019287,
    "score_raw_stats": {
      "mean": 0.20317864418029785,
      "std": 0.14213068783283234,
      "min": -0.038434162735939026,
      "max": 0.44715502858161926,
      "q10": 0.005266822874546051,
      "q25": 0.08126255869865417,
      "q50": 0.20430712401866913,
      "q75": 0.32030320167541504,
      "q90": 0.4052095115184784
    },
    "score_post_stats": {
      "mean": -1.862645149230957e-09,
      "std": 0.2543691098690033,
      "min": -0.6233750581741333,
      "max": 0.7480107545852661,
      "q10": -0.3275902271270752,
      "q25": -0.2064184546470642,
      "q50": -0.0077252984046936035,
      "q75": 0.18803106248378754,
      "q90": 0.34564855694770813
    },
    "rule1_entropy": 2.710163116455078,
    "rule1_distribution": [
      0.135668,
      0.064862,
      0.161722,
      0.163975,
      0.246898,
      0.10929,
      0.117585
    ],
    "rule2_entropy": 2.449713945388794,
    "rule2_distribution": [
      0.090361,
      0.184608,
      0.090361,
      0.139325,
      0.306817,
      0.188529
    ],
    "E_top20_ratio": 0.3804434537887573,
    "psnr": 10.1493
  },
  "linear": {
    "A_stats": {
      "mean": 1.0,
      "std": 0.06592953205108643,
      "min": 0.8549491167068481,
      "max": 1.2128691673278809,
      "q10": 0.9193975925445557,
      "q25": 0.947104275226593,
      "q50": 0.9933289289474487,
      "q75": 1.0448845624923706,
      "q90": 1.0937180519104004
    },
    "A_entropy": -272.7446054604449,
    "corr_A_I": 0.8967140913009644,
    "score_raw_stats": {
      "mean": -9.313225746154785e-10,
      "std": 0.15295608341693878,
      "min": -0.3706875443458557,
      "max": 0.48060962557792664,
      "q10": -0.1906273514032364,
      "q25": -0.12153714150190353,
      "q50": -0.010854009538888931,
      "q75": 0.10617523640394211,
      "q90": 0.21372896432876587
    },
    "score_post_stats": {
      "mean": -9.313225746154785e-10,
      "std": 0.15295608341693878,
      "min": -0.3706875443458557,
      "max": 0.48060962557792664,
      "q10": -0.1906273514032364,
      "q25": -0.12153714150190353,
      "q50": -0.010854009538888931,
      "q75": 0.10617523640394211,
      "q90": 0.21372896432876587
    },
    "rule1_entropy": 2.710163116455078,
    "rule1_distribution": [
      0.135668,
      0.064862,
      0.161722,
      0.163975,
      0.246898,
      0.10929,
      0.117585
    ],
    "E_top20_ratio": 0.37808090448379517,
    "psnr": 10.1184
  },
  "__pairwise_corr__": {
    "full_vs_snr_only": {
      "corr_A": 0.0,
      "l2_rel_A": 0.098978
    },
    "full_vs_importance_only": {
      "corr_A": 0.996748,
      "l2_rel_A": 0.027016
    },
    "full_vs_linear": {
      "corr_A": 0.999728,
      "l2_rel_A": 0.033425
    },
    "snr_only_vs_importance_only": {
      "corr_A": 0.0,
      "l2_rel_A": 0.073203
    },
    "snr_only_vs_linear": {
      "corr_A": 0.0,
      "l2_rel_A": 0.06593
    },
    "importance_only_vs_linear": {
      "corr_A": 0.99692,
      "l2_rel_A": 0.009066
    }
  }
}