{
  "A_std": 0.006525256379973143,
  "A_range": 0.019696665229275823,
  "I_A_corr": -0.7154701501131058,
  "channel_rel_mean": 0.6381732225418091,
  "delta_mean": 0.27497972175478935,
  "score_abs_mean": 0.020358909852802753
}