{
  "layer1": [
    0.0958365723490715,
    0.060534726828336716,
    0.12019733339548111,
    0.13680726289749146,
    0.3957862854003906,
    0.09749777615070343,
    0.09334008395671844
  ],
  "layer2": [
    0.05966585502028465,
    0.11924901604652405,
    0.1319158673286438,
    0.09219995141029358,
    0.308744877576828,
    0.288224458694458
  ]
}