{
  "A_std": 0.007376742432825267,
  "A_range": 0.021657689474523067,
  "I_A_corr": -0.9701373353600502,
  "channel_rel_mean": 0.5,
  "delta_mean": 0.30000001192092896,
  "score_abs_mean": 0.021672426955774426
}