{
  "A_std": 0.06984253320842981,
  "A_range": 0.24517283216118813,
  "I_A_corr": 0.998345360159874,
  "channel_rel_mean": 0.5,
  "delta_mean": 0.30000001192092896,
  "score_abs_mean": 0.20486027747392654
}