{
  "A_std": 0.007884244434535503,
  "A_range": 0.022943021496757865,
  "I_A_corr": -0.9542176648974419,
  "channel_rel_mean": 0.5,
  "delta_mean": 0.30000001192092896,
  "score_abs_mean": 0.023297953885048628
}