{
  "A_std": 0.007545875385403633,
  "A_range": 0.02178569044917822,
  "I_A_corr": -0.9395668432116508,
  "channel_rel_mean": 0.5,
  "delta_mean": 0.30000001192092896,
  "score_abs_mean": 0.022316906368359923
}