{
  "A_std": 0.07188345957547426,
  "A_range": 0.24850740283727646,
  "I_A_corr": 0.998336099088192,
  "channel_rel_mean": 0.5,
  "delta_mean": 0.30000001192092896,
  "score_abs_mean": 0.211491784080863
}