{
  "A_std": 0.1435245256870985,
  "A_range": 0.4514649957418442,
  "I_A_corr": 0.9899812042713165,
  "channel_rel_mean": 0.5,
  "delta_mean": 0.30000001192092896,
  "score_abs_mean": 0.507795974612236
}