{
  "layer1": [
    0.09325289726257324,
    0.060507431626319885,
    0.11873040348291397,
    0.13703805208206177,
    0.3988676071166992,
    0.09680677950382233,
    0.09479684382677078
  ],
  "layer2": [
    0.07591094076633453,
    0.14531424641609192,
    0.07591094076633453,
    0.13852903246879578,
    0.30257388949394226,
    0.2617609202861786
  ]
}