{
  "layer1": [
    0.14788278937339783,
    0.07864681631326675,
    0.16199266910552979,
    0.151814267039299,
    0.18740437924861908,
    0.1216956079006195,
    0.15056343376636505
  ],
  "layer2": [
    0.09699055552482605,
    0.20204901695251465,
    0.09699055552482605,
    0.13763944804668427,
    0.30333343148231506,
    0.1629970520734787
  ]
}