{
  "layer1": [
    0.15775606036186218,
    0.07260775566101074,
    0.16885602474212646,
    0.17185287177562714,
    0.20264413952827454,
    0.10302864760160446,
    0.12325447797775269
  ],
  "layer2": [
    0.09712006151676178,
    0.2021860033273697,
    0.09712006151676178,
    0.13691022992134094,
    0.30141592025756836,
    0.16524773836135864
  ]
}