{
  "layer1": [
    0.15016569197177887,
    0.06956017762422562,
    0.1642766147851944,
    0.17065690457820892,
    0.22466209530830383,
    0.10078440606594086,
    0.11989419162273407
  ],
  "layer2": [
    0.09449882060289383,
    0.19528868794441223,
    0.09449882060289383,
    0.13756218552589417,
    0.30275869369506836,
    0.17539280652999878
  ]
}