{
  "layer1": [
    0.16131961345672607,
    0.06951690465211868,
    0.16969412565231323,
    0.17267568409442902,
    0.20325593650341034,
    0.09889470040798187,
    0.12464310973882675
  ],
  "layer2": [
    0.09743796288967133,
    0.20303231477737427,
    0.09743796288967133,
    0.13685831427574158,
    0.3013297915458679,
    0.16390371322631836
  ]
}