{
  "layer1": [
    0.09547329694032669,
    0.061167407780885696,
    0.12079916894435883,
    0.1364327371120453,
    0.39271417260169983,
    0.09761568158864975,
    0.095797598361969
  ],
  "layer2": [
    0.0766461119055748,
    0.14725930988788605,
    0.0766461119055748,
    0.13838501274585724,
    0.3022996187210083,
    0.2587639093399048
  ]
}