{
  "layer1": [
    0.09472064673900604,
    0.060433678328990936,
    0.11954928934574127,
    0.1364264190196991,
    0.3949218690395355,
    0.09745733439922333,
    0.09649080783128738
  ],
  "layer2": [
    0.07632509618997574,
    0.1464257389307022,
    0.07632509618997574,
    0.1384986788034439,
    0.30255556106567383,
    0.25986984372138977
  ]
}