{
  "layer1": [
    0.1523524671792984,
    0.06951631605625153,
    0.16519729793071747,
    0.16960857808589935,
    0.21906030178070068,
    0.10170204937458038,
    0.12256304174661636
  ],
  "layer2": [
    0.09512406587600708,
    0.19694797694683075,
    0.09512406587600708,
    0.13745121657848358,
    0.3025580048561096,
    0.1727946698665619
  ]
}