{
  "0.0": {
    "budget": 0.0,
    "A_stats": {
      "mean": 1.0,
      "std": 0.0,
      "min": 1.0,
      "max": 1.0,
      "q10": 1.0,
      "q25": 1.0,
      "q50": 1.0,
      "q75": 1.0,
      "q90": 1.0
    },
    "A_fis_stats": {
      "mean": 1.0044522285461426,
      "std": 0.10010587424039841,
      "min": 0.8076226115226746,
      "max": 1.3110250234603882,
      "q10": 0.8805950880050659,
      "q25": 0.9242783784866333,
      "q50": 0.9914921522140503,
      "q75": 1.0768989324569702,
      "q90": 1.148167371749878
    },
    "A_entropy": -282.19314740218636,
    "A_fis_entropy": -136.29991763801098,
    "A_range_max_div_min": 0.9999999900000002,
    "A_std_ratio": 0.0,
    "E_ztx_stats": {
      "mean": 0.9999999403953552,
      "std": 0.4396221339702606,
      "min": 0.021482568234205246,
      "max": 3.4480953216552734,
      "q10": 0.5014066696166992,
      "q25": 0.7004368901252747,
      "q50": 0.9423110485076904,
      "q75": 1.2362852096557617,
      "q90": 1.5751028060913086
    },
    "E_top20_ratio": 0.333965927362442,
    "corr_A_I": 0.0,
    "score_raw_stats": {
      "mean": 0.23740297555923462,
      "std": 0.12750856578350067,
      "min": 0.01595275104045868,
      "max": 0.48437801003456116,
      "q10": 0.06354457139968872,
      "q25": 0.13428670167922974,
      "q50": 0.23414413630962372,
      "q75": 0.3310665488243103,
      "q90": 0.4273034334182739
    },
    "score_post_stats": {
      "mean": -9.313225746154785e-10,
      "std": 0.23613744974136353,
      "min": -0.5376056432723999,
      "max": 0.7291582822799683,
      "q10": -0.30109667778015137,
      "q25": -0.18303292989730835,
      "q50": -0.019644394516944885,
      "q75": 0.17198753356933594,
      "q90": 0.32900381088256836
    },
    "score_centering_loss": -0.10862888395786285,
    "rule1_entropy": 2.717651844024658,
    "rule1_distribution": [
      0.132717,
      0.067108,
      0.158091,
      0.170036,
      0.238865,
      0.102929,
      0.130253
    ],
    "rule2_entropy": 2.2861111164093018,
    "rule2_distribution": [
      0.184359,
      0.049724,
      0.032554,
      0.284387,
      0.284387,
      0.16459
    ],
    "A_spread_ratio": 0.0
  },
  "0.1": {
    "budget": 0.1,
    "A_stats": {
      "mean": 1.0,
      "std": 0.010005262680351734,
      "min": 0.9802812337875366,
      "max": 1.030816674232483,
      "q10": 0.9876195192337036,
      "q25": 0.9920326471328735,
      "q50": 0.9986867308616638,
      "q75": 1.0072685480117798,
      "q90": 1.0143319368362427
    },
    "A_fis_stats": {
      "mean": 1.0044522285461426,
      "std": 0.10010587424039841,
      "min": 0.8076226115226746,
      "max": 1.3110250234603882,
      "q10": 0.8805950880050659,
      "q25": 0.9242783784866333,
      "q50": 0.9914921522140503,
      "q75": 1.0768989324569702,
      "q90": 1.148167371749878
    },
    "A_entropy": -4641.576944583913,
    "A_fis_entropy": -136.29991763801098,
    "A_range_max_div_min": 1.051551971197257,
    "A_std_ratio": 0.09994679889470516,
    "E_ztx_stats": {
      "mean": 1.0,
      "std": 0.46017134189605713,
      "min": 0.02077629044651985,
      "max": 3.616764545440674,
      "q10": 0.48601189255714417,
      "q25": 0.6827026605606079,
      "q50": 0.9334031343460083,
      "q75": 1.245271921157837,
      "q90": 1.6045162677764893
    },
    "E_top20_ratio": 0.34137028455734253,
    "corr_A_I": 0.9245250225067139,
    "score_raw_stats": {
      "mean": 0.23740297555923462,
      "std": 0.12750856578350067,
      "min": 0.01595275104045868,
      "max": 0.48437801003456116,
      "q10": 0.06354457139968872,
      "q25": 0.13428670167922974,
      "q50": 0.23414413630962372,
      "q75": 0.3310665488243103,
      "q90": 0.4273034334182739
    },
    "score_post_stats": {
      "mean": -9.313225746154785e-10,
      "std": 0.23613744974136353,
      "min": -0.5376056432723999,
      "max": 0.7291582822799683,
      "q10": -0.30109667778015137,
      "q25": -0.18303292989730835,
      "q50": -0.019644394516944885,
      "q75": 0.17198753356933594,
      "q90": 0.32900381088256836
    },
    "score_centering_loss": -0.10862888395786285,
    "rule1_entropy": 2.717651844024658,
    "rule1_distribution": [
      0.132717,
      0.067108,
      0.158091,
      0.170036,
      0.238865,
      0.102929,
      0.130253
    ],
    "rule2_entropy": 2.2861111164093018,
    "rule2_distribution": [
      0.184359,
      0.049724,
      0.032554,
      0.284387,
      0.284387,
      0.16459
    ],
    "A_spread_ratio": 0.026712417335414892
  },
  "0.25": {
    "budget": 0.25,
    "A_stats": {
      "mean": 1.0,
      "std": 0.024995718151330948,
      "min": 0.950739324092865,
      "max": 1.0770100355148315,
      "q10": 0.9690700769424438,
      "q25": 0.9800951480865479,
      "q50": 0.9967188835144043,
      "q75": 1.0181553363800049,
      "q90": 1.0358021259307861
    },
    "A_fis_stats": {
      "mean": 1.0044522285461426,
      "std": 0.10010587424039841,
      "min": 0.8076226115226746,
      "max": 1.3110250234603882,
      "q10": 0.8805950880050659,
      "q25": 0.9242783784866333,
      "q50": 0.9914921522140503,
      "q75": 1.0768989324569702,
      "q90": 1.148167371749878
    },
    "A_entropy": -1334.6711060483258,
    "A_fis_entropy": -136.29991763801098,
    "A_range_max_div_min": 1.1328131664421415,
    "A_std_ratio": 0.24969279619273127,
    "E_ztx_stats": {
      "mean": 1.0,
      "std": 0.4911777079105377,
      "min": 0.01974545791745186,
      "max": 3.8703808784484863,
      "q10": 0.4631059765815735,
      "q25": 0.6584502458572388,
      "q50": 0.9157674312591553,
      "q75": 1.2583521604537964,
      "q90": 1.6509554386138916
    },
    "E_top20_ratio": 0.35244718194007874,
    "corr_A_I": 0.9245229959487915,
    "score_raw_stats": {
      "mean": 0.23740297555923462,
      "std": 0.12750856578350067,
      "min": 0.01595275104045868,
      "max": 0.48437801003456116,
      "q10": 0.06354457139968872,
      "q25": 0.13428670167922974,
      "q50": 0.23414413630962372,
      "q75": 0.3310665488243103,
      "q90": 0.4273034334182739
    },
    "score_post_stats": {
      "mean": -9.313225746154785e-10,
      "std": 0.23613744974136353,
      "min": -0.5376056432723999,
      "max": 0.7291582822799683,
      "q10": -0.30109667778015137,
      "q25": -0.18303292989730835,
      "q50": -0.019644394516944885,
      "q75": 0.17198753356933594,
      "q90": 0.32900381088256836
    },
    "score_centering_loss": -0.10862888395786285,
    "rule1_entropy": 2.717651844024658,
    "rule1_distribution": [
      0.132717,
      0.067108,
      0.158091,
      0.170036,
      0.238865,
      0.102929,
      0.130253
    ],
    "rule2_entropy": 2.2861111164093018,
    "rule2_distribution": [
      0.184359,
      0.049724,
      0.032554,
      0.284387,
      0.284387,
      0.16459
    ],
    "A_spread_ratio": 0.06673204832102181
  },
  "0.5": {
    "budget": 0.5,
    "A_stats": {
      "mean": 1.0,
      "std": 0.04993344843387604,
      "min": 0.9015992879867554,
      "max": 1.1539134979248047,
      "q10": 0.9382004141807556,
      "q25": 0.9602349400520325,
      "q50": 0.9934453368186951,
      "q75": 1.0362730026245117,
      "q90": 1.0715007781982422
    },
    "A_fis_stats": {
      "mean": 1.0044522285461426,
      "std": 0.10010587424039841,
      "min": 0.8076226115226746,
      "max": 1.3110250234603882,
      "q10": 0.8805950880050659,
      "q25": 0.9242783784866333,
      "q50": 0.9914921522140503,
      "q75": 1.0768989324569702,
      "q90": 1.148167371749878
    },
    "A_entropy": -470.0890105108239,
    "A_fis_entropy": -136.29991763801098,
    "A_range_max_div_min": 1.2798518149930456,
    "A_std_ratio": 0.49880632704830613,
    "E_ztx_stats": {
      "mean": 1.0,
      "std": 0.5430202484130859,
      "min": 0.01810358464717865,
      "max": 4.292811393737793,
      "q10": 0.4254707992076874,
      "q25": 0.6170880198478699,
      "q50": 0.8875588178634644,