{
  "0.0": {
    "budget": 0.0,
    "A_stats": {
      "mean": 1.0,
      "std": 0.0,
      "min": 1.0,
      "max": 1.0,
      "q10": 1.0,
      "q25": 1.0,
      "q50": 1.0,
      "q75": 1.0,
      "q90": 1.0
    },
    "A_fis_stats": {
      "mean": 1.0017305612564087,
      "std": 0.05998716503381729,
      "min": 0.8767525553703308,
      "max": 1.1657854318618774,
      "q10": 0.9224883317947388,
      "q25": 0.9521336555480957,
      "q50": 0.99940425157547,
      "q75": 1.0501108169555664,
      "q90": 1.0838854312896729
    },
    "A_entropy": -282.19314740218636,
    "A_fis_entropy": -364.4319408006237,
    "A_range_max_div_min": 0.9999999900000002,
    "A_std_ratio": 0.0,
    "E_ztx_stats": {
      "mean": 0.9999999403953552,
      "std": 0.4396221339702606,
      "min": 0.021482568234205246,
      "max": 3.4480953216552734,
      "q10": 0.5014066696166992,
      "q25": 0.7004368901252747,
      "q50": 0.9423110485076904,
      "q75": 1.2362852096557617,
      "q90": 1.5751028060913086
    },
    "E_top20_ratio": 0.333965927362442,
    "corr_A_I": 0.0,
    "score_raw_stats": {
      "mean": 0.1996806114912033,
      "std": 0.13214777410030365,
      "min": -0.03447514399886131,
      "max": 0.4191741347312927,
      "q10": 0.010140537284314632,
      "q25": 0.08757270127534866,
      "q50": 0.20646505057811737,
      "q75": 0.30898791551589966,
      "q90": 0.3851590156555176
    },
    "score_post_stats": {
      "mean": -1.862645149230957e-09,
      "std": 0.2442658543586731,
      "min": -0.5706084370613098,
      "max": 0.6955711841583252,
      "q10": -0.32763534784317017,
      "q25": -0.19477880001068115,
      "q50": -0.0023370683193206787,
      "q75": 0.19415131211280823,
      "q90": 0.32707616686820984
    },
    "score_centering_loss": -0.11211808025836945,
    "rule1_entropy": 2.717651844024658,
    "rule1_distribution": [
      0.132717,
      0.067108,
      0.158091,
      0.170036,
      0.238865,
      0.102929,
      0.130253
    ],
    "rule2_entropy": 2.4095609188079834,
    "rule2_distribution": [
      0.060404,
      0.183296,
      0.181071,
      0.081425,
      0.306858,
      0.186947
    ],
    "A_spread_ratio": 0.0
  },
  "0.1": {
    "budget": 0.1,
    "A_stats": {
      "mean": 1.0,
      "std": 0.005997368134558201,
      "min": 0.9874857068061829,
      "max": 1.0165454149246216,
      "q10": 0.9920761585235596,
      "q25": 0.9950631856918335,
      "q50": 0.9997690320014954,
      "q75": 1.004823923110962,
      "q90": 1.0082082748413086
    },
    "A_fis_stats": {
      "mean": 1.0017305612564087,
      "std": 0.05998716503381729,
      "min": 0.8767525553703308,
      "max": 1.1657854318618774,
      "q10": 0.9224883317947388,
      "q25": 0.9521336555480957,
      "q50": 0.99940425157547,
      "q75": 1.0501108169555664,
      "q90": 1.0838854312896729
    },
    "A_entropy": -9341.716240228716,
    "A_fis_entropy": -364.4319408006237,
    "A_range_max_div_min": 1.0294279680443645,
    "A_std_ratio": 0.09997750571146637,
    "E_ztx_stats": {
      "mean": 1.0,
      "std": 0.4510609209537506,
      "min": 0.021030288189649582,
      "max": 3.536018133163452,
      "q10": 0.49137672781944275,
      "q25": 0.6901172399520874,
      "q50": 0.9374040961265564,
      "q75": 1.241128921508789,
      "q90": 1.592402458190918
    },
    "E_top20_ratio": 0.3380124568939209,
    "corr_A_I": 0.9217146635055542,
    "score_raw_stats": {
      "mean": 0.1996806114912033,
      "std": 0.13214777410030365,
      "min": -0.03447514399886131,
      "max": 0.4191741347312927,
      "q10": 0.010140537284314632,
      "q25": 0.08757270127534866,
      "q50": 0.20646505057811737,
      "q75": 0.30898791551589966,
      "q90": 0.3851590156555176
    },
    "score_post_stats": {
      "mean": -1.862645149230957e-09,
      "std": 0.2442658543586731,
      "min": -0.5706084370613098,
      "max": 0.6955711841583252,
      "q10": -0.32763534784317017,
      "q25": -0.19477880001068115,
      "q50": -0.0023370683193206787,
      "q75": 0.19415131211280823,
      "q90": 0.32707616686820984
    },
    "score_centering_loss": -0.11211808025836945,
    "rule1_entropy": 2.717651844024658,
    "rule1_distribution": [
      0.132717,
      0.067108,
      0.158091,
      0.170036,
      0.238865,
      0.102929,
      0.130253
    ],
    "rule2_entropy": 2.4095609188079834,
    "rule2_distribution": [
      0.060404,
      0.183296,
      0.181071,
      0.081425,
      0.306858,
      0.186947
    ],
    "A_spread_ratio": 0.016132116156427862
  },
  "0.25": {
    "budget": 0.25,
    "A_stats": {
      "mean": 1.0,
      "std": 0.014989395625889301,
      "min": 0.9687232375144958,
      "max": 1.041361689567566,
      "q10": 0.9801954030990601,
      "q25": 0.9876617193222046,
      "q50": 0.9994224309921265,
      "q75": 1.012056589126587,
      "q90": 1.0205159187316895
    },
    "A_fis_stats": {
      "mean": 1.0017305612564087,
      "std": 0.05998716503381729,
      "min": 0.8767525553703308,
      "max": 1.1657854318618774,
      "q10": 0.9224883317947388,
      "q25": 0.9521336555480957,
      "q50": 0.99940425157547,
      "q75": 1.0501108169555664,
      "q90": 1.0838854312896729
    },
    "A_entropy": -2827.411112077475,
    "A_fis_entropy": -364.4319408006237,
    "A_range_max_div_min": 1.0749836883128823,
    "A_std_ratio": 0.24987667142917047,
    "E_ztx_stats": {
      "mean": 1.0,
      "std": 0.4682430624961853,
      "min": 0.020363520830869675,
      "max": 3.6678428649902344,
      "q10": 0.47679218649864197,
      "q25": 0.6753247976303101,
      "q50": 0.9306477308273315,
      "q75": 1.2518526315689087,
      "q90": 1.6180092096328735
    },
    "E_top20_ratio": 0.3440646529197693,
    "corr_A_I": 0.9217129349708557,
    "score_raw_stats": {
      "mean": 0.1996806114912033,
      "std": 0.13214777410030365,
      "min": -0.03447514399886131,
      "max": 0.4191741347312927,
      "q10": 0.010140537284314632,
      "q25": 0.08757270127534866,
      "q50": 0.20646505057811737,
      "q75": 0.30898791551589966,
      "q90": 0.3851590156555176
    },
    "score_post_stats": {
      "mean": -1.862645149230957e-09,
      "std": 0.2442658543586731,
      "min": -0.5706084370613098,
      "max": 0.6955711841583252,
      "q10": -0.32763534784317017,
      "q25": -0.19477880001068115,
      "q50": -0.0023370683193206787,
      "q75": 0.19415131211280823,
      "q90": 0.32707616686820984
    },
    "score_centering_loss": -0.11211808025836945,
    "rule1_entropy": 2.717651844024658,
    "rule1_distribution": [
      0.132717,
      0.067108,
      0.158091,
      0.170036,
      0.238865,
      0.102929,
      0.130253
    ],
    "rule2_entropy": 2.4095609188079834,
    "rule2_distribution": [
      0.060404,
      0.183296,
      0.181071,
      0.081425,
      0.306858,
      0.186947
    ],
    "A_spread_ratio": 0.040320515229424245
  },
  "0.5": {
    "budget": 0.5,
    "A_stats": {
      "mean": 1.0,
      "std": 0.02996533177793026,
      "min": 0.9374766945838928,
      "max": 1.0827163457870483,
      "q10": 0.9604079723358154,
      "q25": 0.9753351807594299,
      "q50": 0.9988452196121216,
      "q75": 1.0241029262542725,
      "q90": 1.0410171747207642
    },
    "A_fis_stats": {
      "mean": 1.0017305612564087,
      "std": 0.05998716503381729,
      "min": 0.8767525553703308,
      "max": 1.1657854318618774,
      "q10": 0.9224883317947388,
      "q25": 0.9521336555480957,
      "q50": 0.99940425157547,
      "q75": 1.0501108169555664,
      "q90": 1.0838854312896729
    },
    "A_entropy": -1069.8751490027832,
    "A_fis_entropy": -364.4319408006237,
    "A_range_max_div_min": 1.1549261336233643,
    "A_std_ratio": 0.4995289703347014,
    "E_ztx_stats": {
      "mean": 1.0,
      "std": 0.49688076972961426,
      "min": 0.019283240661025047,
      "max": 3.8870773315429688,
      "q10": 0.4541305601596832,
      "q25": 0.6504374146461487,
      "q50": 0.9134641289710999,