{
  "0.0": {
    "budget": 0.0,
    "A_stats": {
      "mean": 1.0,
      "std": 0.0,
      "min": 1.0,
      "max": 1.0,
      "q10": 1.0,
      "q25": 1.0,
      "q50": 1.0,
      "q75": 1.0,
      "q90": 1.0
    },
    "A_fis_stats": {
      "mean": 1.0030195713043213,
      "std": 0.08027659356594086,
      "min": 0.8384730219841003,
      "max": 1.2353878021240234,
      "q10": 0.8995711803436279,
      "q25": 0.9378284215927124,
      "q50": 0.9969654083251953,
      "q75": 1.0647828578948975,
      "q90": 1.1147112846374512
    },
    "A_entropy": -282.19314740218636,
    "A_fis_entropy": -211.19344280858078,
    "A_range_max_div_min": 0.9999999900000002,
    "A_std_ratio": 0.0,
    "E_ztx_stats": {
      "mean": 0.9999999403953552,
      "std": 0.4396221339702606,
      "min": 0.021482568234205246,
      "max": 3.4480953216552734,
      "q10": 0.5014066696166992,
      "q25": 0.7004368901252747,
      "q50": 0.9423110485076904,
      "q75": 1.2362852096557617,
      "q90": 1.5751028060913086
    },
    "E_top20_ratio": 0.333965927362442,
    "corr_A_I": 0.0,
    "score_raw_stats": {
      "mean": 0.2649216651916504,
      "std": 0.1302262544631958,
      "min": 0.029904000461101532,
      "max": 0.49529436230659485,
      "q10": 0.0808536484837532,
      "q25": 0.15834170579910278,
      "q50": 0.2680419683456421,
      "q75": 0.36722511053085327,
      "q90": 0.45201680064201355
    },
    "score_post_stats": {
      "mean": 1.862645149230957e-09,
      "std": 0.24075807631015778,
      "min": -0.5636031627655029,
      "max": 0.7132487893104553,
      "q10": -0.31698060035705566,
      "q25": -0.18824543058872223,
      "q50": -0.008809417486190796,
      "q75": 0.18399299681186676,
      "q90": 0.32583087682724
    },
    "score_centering_loss": -0.11053182184696198,
    "rule1_entropy": 2.717651844024658,
    "rule1_distribution": [
      0.132717,
      0.067108,
      0.158091,
      0.170036,
      0.238865,
      0.102929,
      0.130253
    ],
    "rule2_entropy": 2.4508514404296875,
    "rule2_distribution": [
      0.150696,
      0.152553,
      0.049891,
      0.246063,
      0.249347,
      0.15145
    ],
    "A_spread_ratio": 0.0
  },
  "0.1": {
    "budget": 0.1,
    "A_stats": {
      "mean": 1.0,
      "std": 0.008024683222174644,
      "min": 0.9835323095321655,
      "max": 1.0233901739120483,
      "q10": 0.9896398782730103,
      "q25": 0.993496298789978,
      "q50": 0.9994051456451416,
      "q75": 1.0061798095703125,
      "q90": 1.011145830154419
    },
    "A_fis_stats": {
      "mean": 1.0030195713043213,
      "std": 0.08027659356594086,
      "min": 0.8384730219841003,
      "max": 1.2353878021240234,
      "q10": 0.8995711803436279,
      "q25": 0.9378284215927124,
      "q50": 0.9969654083251953,
      "q75": 1.0647828578948975,
      "q90": 1.1147112846374512
    },
    "A_entropy": -6267.892069856733,
    "A_fis_entropy": -211.19344280858078,
    "A_range_max_div_min": 1.0405252105989173,
    "A_std_ratio": 0.0999629140460957,
    "E_ztx_stats": {
      "mean": 1.0,
      "std": 0.4554171562194824,
      "min": 0.020893648266792297,
      "max": 3.573690891265869,
      "q10": 0.4885812997817993,
      "q25": 0.6865717768669128,
      "q50": 0.9358439445495605,
      "q75": 1.2435810565948486,
      "q90": 1.5987842082977295
    },
    "E_top20_ratio": 0.33959561586380005,
    "corr_A_I": 0.9244197607040405,
    "score_raw_stats": {
      "mean": 0.2649216651916504,
      "std": 0.1302262544631958,
      "min": 0.029904000461101532,
      "max": 0.49529436230659485,
      "q10": 0.0808536484837532,
      "q25": 0.15834170579910278,
      "q50": 0.2680419683456421,
      "q75": 0.36722511053085327,
      "q90": 0.45201680064201355
    },
    "score_post_stats": {
      "mean": 1.862645149230957e-09,
      "std": 0.24075807631015778,
      "min": -0.5636031627655029,
      "max": 0.7132487893104553,
      "q10": -0.31698060035705566,
      "q25": -0.18824543058872223,
      "q50": -0.008809417486190796,
      "q75": 0.18399299681186676,
      "q90": 0.32583087682724
    },
    "score_centering_loss": -0.11053182184696198,
    "rule1_entropy": 2.717651844024658,
    "rule1_distribution": [
      0.132717,
      0.067108,
      0.158091,
      0.170036,
      0.238865,
      0.102929,
      0.130253
    ],
    "rule2_entropy": 2.4508514404296875,
    "rule2_distribution": [
      0.150696,
      0.152553,
      0.049891,
      0.246063,
      0.249347,
      0.15145
    ],
    "A_spread_ratio": 0.021505951666349176
  },
  "0.25": {
    "budget": 0.25,
    "A_stats": {
      "mean": 1.0,
      "std": 0.020052222535014153,
      "min": 0.958850622177124,
      "max": 1.0584628582000732,
      "q10": 0.974113404750824,
      "q25": 0.9837460517883301,
      "q50": 0.9985135197639465,
      "q75": 1.015444278717041,
      "q90": 1.0278525352478027
    },
    "A_fis_stats": {
      "mean": 1.0030195713043213,
      "std": 0.08027659356594086,
      "min": 0.8384730219841003,
      "max": 1.2353878021240234,
      "q10": 0.8995711803436279,
      "q25": 0.9378284215927124,
      "q50": 0.9969654083251953,
      "q75": 1.0647828578948975,
      "q90": 1.1147112846374512
    },
    "A_entropy": -1844.6900960276491,
    "A_fis_entropy": -211.19344280858078,
    "A_range_max_div_min": 1.1038871151357266,
    "A_std_ratio": 0.24978912465501663,
    "E_ztx_stats": {
      "mean": 1.0,
      "std": 0.47917255759239197,
      "min": 0.020030157640576363,
      "max": 3.762106418609619,
      "q10": 0.4693591594696045,
      "q25": 0.6664162874221802,
      "q50": 0.9239834547042847,
      "q75": 1.2559767961502075,
      "q90": 1.6337544918060303
    },
    "E_top20_ratio": 0.3480112552642822,
    "corr_A_I": 0.9244183301925659,
    "score_raw_stats": {
      "mean": 0.2649216651916504,
      "std": 0.1302262544631958,
      "min": 0.029904000461101532,
      "max": 0.49529436230659485,
      "q10": 0.0808536484837532,
      "q25": 0.15834170579910278,
      "q50": 0.2680419683456421,
      "q75": 0.36722511053085327,
      "q90": 0.45201680064201355
    },
    "score_post_stats": {
      "mean": 1.862645149230957e-09,
      "std": 0.24075807631015778,
      "min": -0.5636031627655029,
      "max": 0.7132487893104553,
      "q10": -0.31698060035705566,
      "q25": -0.18824543058872223,
      "q50": -0.008809417486190796,
      "q75": 0.18399299681186676,
      "q90": 0.32583087682724
    },
    "score_centering_loss": -0.11053182184696198,
    "rule1_entropy": 2.717651844024658,
    "rule1_distribution": [
      0.132717,
      0.067108,
      0.158091,
      0.170036,
      0.238865,
      0.102929,
      0.130253
    ],
    "rule2_entropy": 2.4508514404296875,
    "rule2_distribution": [
      0.150696,
      0.152553,
      0.049891,
      0.246063,
      0.249347,
      0.15145
    ],
    "A_spread_ratio": 0.05373912995958746
  },
  "0.5": {
    "budget": 0.5,
    "A_stats": {
      "mean": 1.0,
      "std": 0.04007286578416824,
      "min": 0.9177672266960144,
      "max": 1.1168831586837769,
      "q10": 0.9482721090316772,
      "q25": 0.9675101637840271,
      "q50": 0.9970293045043945,
      "q75": 1.0308706760406494,
      "q90": 1.055666446685791
    },
    "A_fis_stats": {
      "mean": 1.0030195713043213,
      "std": 0.08027659356594086,
      "min": 0.8384730219841003,
      "max": 1.2353878021240234,
      "q10": 0.8995711803436279,
      "q25": 0.9378284215927124,
      "q50": 0.9969654083251953,
      "q75": 1.0647828578948975,
      "q90": 1.1147112846374512
    },
    "A_entropy": -671.9854889135452,
    "A_fis_entropy": -211.19344280858078,
    "A_range_max_div_min": 1.2169568862629971,
    "A_std_ratio": 0.49918486836892106,
    "E_ztx_stats": {
      "mean": 1.0,
      "std": 0.5187793970108032,
      "min": 0.018643947318196297,
      "max": 4.075324058532715,
      "q10": 0.43819481134414673,
      "q25": 0.6329177021980286,
      "q50": 0.900658130645752,
      "q75": 1.273212194442749,