{
  "full": {
    "A_stats": {
      "mean": 1.0,
      "std": 0.09963585436344147,
      "min": 0.8036790490150452,
      "max": 1.307401418685913,
      "q10": 0.8766416311264038,
      "q25": 0.9205883741378784,
      "q50": 0.9869208335876465,
      "q75": 1.0723717212677002,
      "q90": 1.1427371501922607
    },
    "A_entropy": -136.5146331271686,
    "corr_A_I": 0.9245149493217468,
    "score_raw_stats": {
      "mean": 0.23740297555923462,
      "std": 0.12750856578350067,
      "min": 0.01595275104045868,
      "max": 0.48437801003456116,
      "q10": 0.06354457139968872,
      "q25": 0.13428670167922974,
      "q50": 0.23414413630962372,
      "q75": 0.3310665488243103,
      "q90": 0.4273034334182739
    },
    "score_post_stats": {
      "mean": -9.313225746154785e-10,
      "std": 0.23613744974136353,
      "min": -0.5376056432723999,
      "max": 0.7291582822799683,
      "q10": -0.30109667778015137,
      "q25": -0.18303292989730835,
      "q50": -0.019644394516944885,
      "q75": 0.17198753356933594,
      "q90": 0.32900381088256836
    },
    "rule1_entropy": 2.717651844024658,
    "rule1_distribution": [
      0.132717,
      0.067108,
      0.158091,
      0.170036,
      0.238865,
      0.102929,
      0.130253
    ],
    "rule2_entropy": 2.2861111164093018,
    "rule2_distribution": [
      0.184359,
      0.049724,
      0.032554,
      0.284387,
      0.284387,
      0.16459
    ],
    "E_top20_ratio": 0.40658706426620483,
    "psnr": 20.9512
  },
  "snr_only": {
    "A_stats": {
      "mean": 1.0,
      "std": 0.0,
      "min": 1.0,
      "max": 1.0,
      "q10": 1.0,
      "q25": 1.0,
      "q50": 1.0,
      "q75": 1.0,
      "q90": 1.0
    },
    "A_entropy": -282.19314740218636,
    "corr_A_I": null,
    "score_raw_stats": {
      "mean": 0.22203698754310608,
      "std": 0.0,
      "min": 0.22203698754310608,
      "max": 0.22203698754310608,
      "q10": 0.22203698754310608,
      "q25": 0.22203698754310608,
      "q50": 0.22203698754310608,
      "q75": 0.22203698754310608,
      "q90": 0.22203698754310608
    },
    "score_post_stats": {
      "mean": 0.0,
      "std": 0.0,
      "min": 0.0,
      "max": 0.0,
      "q10": 0.0,
      "q25": 0.0,
      "q50": 0.0,
      "q75": 0.0,
      "q90": 0.0
    },
    "rule2_entropy": 2.1993842124938965,
    "rule2_distribution": [
      0.144163,
      0.041937,
      0.029436,
      0.320151,
      0.320151,
      0.144163
    ],
    "E_top20_ratio": 0.333965927362442,
    "psnr": 21.4415
  },
  "importance_only": {
    "A_stats": {
      "mean": 1.0,
      "std": 0.07341618835926056,
      "min": 0.8499340415000916,
      "max": 1.2079541683197021,
      "q10": 0.9049556255340576,
      "q25": 0.9400927424430847,
      "q50": 0.9951730370521545,
      "q75": 1.0578749179840088,
      "q90": 1.1023520231246948
    },
    "A_entropy": -252.85516856654579,
    "corr_A_I": 0.9235948920249939,
    "score_raw_stats": {
      "mean": 0.20760896801948547,
      "std": 0.13804355263710022,
      "min": -0.037322353571653366,
      "max": 0.44741952419281006,
      "q10": 0.012183025479316711,
      "q25": 0.0924682468175888,
      "q50": 0.211567223072052,
      "q75": 0.31823158264160156,
      "q90": 0.40502747893333435
    },
    "score_post_stats": {
      "mean": -1.862645149230957e-09,
      "std": 0.2552473545074463,
      "min": -0.5938611626625061,
      "max": 0.7452621459960938,
      "q10": -0.33787888288497925,
      "q25": -0.20098647475242615,
      "q50": -0.008110567927360535,
      "q75": 0.19742374122142792,
      "q90": 0.3457334339618683
    },
    "rule1_entropy": 2.717651844024658,
    "rule1_distribution": [
      0.132717,
      0.067108,
      0.158091,
      0.170036,
      0.238865,
      0.102929,
      0.130253
    ],
    "rule2_entropy": 2.4499361515045166,
    "rule2_distribution": [
      0.090991,
      0.186495,
      0.090991,
      0.139999,
      0.308683,
      0.18284
    ],
    "E_top20_ratio": 0.3842221796512604,
    "psnr": 22.4767
  },
  "linear": {
    "A_stats": {
      "mean": 1.0,
      "std": 0.06603150069713593,
      "min": 0.8617084622383118,
      "max": 1.211674451828003,
      "q10": 0.9173892140388489,
      "q25": 0.9482381939888,
      "q50": 0.9928772449493408,
      "q75": 1.0472697019577026,
      "q90": 1.0933879613876343
    },
    "A_entropy": -278.00696805677603,
    "corr_A_I": 0.9253153800964355,
    "score_raw_stats": {
      "mean": -6.984919309616089e-09,
      "std": 0.15338419377803802,
      "min": -0.35106155276298523,
      "max": 0.4787535071372986,
      "q10": -0.19585849344730377,
      "q25": -0.11844736337661743,
      "q50": -0.011749300174415112,
      "q75": 0.11107200384140015,
      "q90": 0.21372170746326447
    },
    "score_post_stats": {
      "mean": -6.984919309616089e-09,
      "std": 0.15338419377803802,
      "min": -0.35106155276298523,
      "max": 0.4787535071372986,
      "q10": -0.19585849344730377,
      "q25": -0.11844736337661743,
      "q50": -0.011749300174415112,
      "q75": 0.11107200384140015,
      "q90": 0.21372170746326447
    },
    "rule1_entropy": 2.717651844024658,
    "rule1_distribution": [
      0.132717,
      0.067108,
      0.158091,
      0.170036,
      0.238865,
      0.102929,
      0.130253
    ],
    "E_top20_ratio": 0.3819964528083801,
    "psnr": 22.3161
  },
  "__pairwise_corr__": {
    "full_vs_snr_only": {
      "corr_A": 0.0,
      "l2_rel_A": 0.099145
    },
    "full_vs_importance_only": {
      "corr_A": 0.996708,
      "l2_rel_A": 0.026989
    },
    "full_vs_linear": {
      "corr_A": 0.999717,
      "l2_rel_A": 0.033494
    },
    "snr_only_vs_importance_only": {
      "corr_A": 0.0,
      "l2_rel_A": 0.073416
    },
    "snr_only_vs_linear": {
      "corr_A": 0.0,
      "l2_rel_A": 0.066032
    },
    "importance_only_vs_linear": {
      "corr_A": 0.996943,
      "l2_rel_A": 0.00915
    }
  }
}