{
  "full": {
    "A_stats": {
      "mean": 1.0,
      "std": 0.08001977950334549,
      "min": 0.8357966542243958,
      "max": 1.233596920967102,
      "q10": 0.896702766418457,
      "q25": 0.9350950121879578,
      "q50": 0.9940677285194397,
      "q75": 1.061654806137085,
      "q90": 1.1111520528793335
    },
    "A_entropy": -211.0479275323815,
    "corr_A_I": 0.9244111180305481,
    "score_raw_stats": {
      "mean": 0.2649216651916504,
      "std": 0.1302262544631958,
      "min": 0.029904000461101532,
      "max": 0.49529436230659485,
      "q10": 0.0808536484837532,
      "q25": 0.15834170579910278,
      "q50": 0.2680419683456421,
      "q75": 0.36722511053085327,
      "q90": 0.45201680064201355
    },
    "score_post_stats": {
      "mean": 1.862645149230957e-09,
      "std": 0.24075807631015778,
      "min": -0.5636031627655029,
      "max": 0.7132487893104553,
      "q10": -0.31698060035705566,
      "q25": -0.18824543058872223,
      "q50": -0.008809417486190796,
      "q75": 0.18399299681186676,
      "q90": 0.32583087682724
    },
    "rule1_entropy": 2.717651844024658,
    "rule1_distribution": [
      0.132717,
      0.067108,
      0.158091,
      0.170036,
      0.238865,
      0.102929,
      0.130253
    ],
    "rule2_entropy": 2.4508514404296875,
    "rule2_distribution": [
      0.150696,
      0.152553,
      0.049891,
      0.246063,
      0.249347,
      0.15145
    ],
    "E_top20_ratio": 0.3892994523048401,
    "psnr": 24.5083
  },
  "snr_only": {
    "A_stats": {
      "mean": 1.0,
      "std": 0.0,
      "min": 1.0,
      "max": 1.0,
      "q10": 1.0,
      "q25": 1.0,
      "q50": 1.0,
      "q75": 1.0,
      "q90": 1.0
    },
    "A_entropy": -282.19314740218636,
    "corr_A_I": null,
    "score_raw_stats": {
      "mean": 0.2549538314342499,
      "std": 0.0,
      "min": 0.2549538314342499,
      "max": 0.2549538314342499,
      "q10": 0.2549538314342499,
      "q25": 0.2549538314342499,
      "q50": 0.2549538314342499,
      "q75": 0.2549538314342499,
      "q90": 0.2549538314342499
    },
    "score_post_stats": {
      "mean": 0.0,
      "std": 0.0,
      "min": 0.0,
      "max": 0.0,
      "q10": 0.0,
      "q25": 0.0,
      "q50": 0.0,
      "q75": 0.0,
      "q90": 0.0
    },
    "rule2_entropy": 2.3748793601989746,
    "rule2_distribution": [
      0.128264,
      0.129825,
      0.044109,
      0.282069,
      0.285908,
      0.129825
    ],
    "E_top20_ratio": 0.333965927362442,
    "psnr": 24.5623
  },
  "importance_only": {
    "A_stats": {
      "mean": 1.0,
      "std": 0.07341618835926056,
      "min": 0.8499340415000916,
      "max": 1.2079541683197021,
      "q10": 0.9049556255340576,
      "q25": 0.9400927424430847,
      "q50": 0.9951730370521545,
      "q75": 1.0578749179840088,
      "q90": 1.1023520231246948
    },
    "A_entropy": -252.85516856654579,
    "corr_A_I": 0.9235948920249939,
    "score_raw_stats": {
      "mean": 0.20760896801948547,
      "std": 0.13804355263710022,
      "min": -0.037322353571653366,
      "max": 0.44741952419281006,
      "q10": 0.012183025479316711,
      "q25": 0.0924682468175888,
      "q50": 0.211567223072052,
      "q75": 0.31823158264160156,
      "q90": 0.40502747893333435
    },
    "score_post_stats": {
      "mean": -1.862645149230957e-09,
      "std": 0.2552473545074463,
      "min": -0.5938611626625061,
      "max": 0.7452621459960938,
      "q10": -0.33787888288497925,
      "q25": -0.20098647475242615,
      "q50": -0.008110567927360535,
      "q75": 0.19742374122142792,
      "q90": 0.3457334339618683
    },
    "rule1_entropy": 2.717651844024658,
    "rule1_distribution": [
      0.132717,
      0.067108,
      0.158091,
      0.170036,
      0.238865,
      0.102929,
      0.130253
    ],
    "rule2_entropy": 2.4499361515045166,
    "rule2_distribution": [
      0.090991,
      0.186495,
      0.090991,
      0.139999,
      0.308683,
      0.18284
    ],
    "E_top20_ratio": 0.3842221796512604,
    "psnr": 24.6354
  },
  "linear": {
    "A_stats": {
      "mean": 1.0,
      "std": 0.05228378251194954,
      "min": 0.888952910900116,
      "max": 1.1649686098098755,
      "q10": 0.9342422485351562,
      "q25": 0.9590435028076172,
      "q50": 0.994686484336853,
      "q75": 1.0377094745635986,
      "q90": 1.0737882852554321
    },
    "A_entropy": -412.96262248910324,
    "corr_A_I": 0.9255051016807556,
    "score_raw_stats": {
      "mean": -6.984919309616089e-09,
      "std": 0.15338419377803802,
      "min": -0.35106155276298523,
      "max": 0.4787535071372986,
      "q10": -0.19585849344730377,
      "q25": -0.11844736337661743,
      "q50": -0.011749300174415112,
      "q75": 0.11107200384140015,
      "q90": 0.21372170746326447
    },
    "score_post_stats": {
      "mean": -6.984919309616089e-09,
      "std": 0.15338419377803802,
      "min": -0.35106155276298523,
      "max": 0.4787535071372986,
      "q10": -0.19585849344730377,
      "q25": -0.11844736337661743,
      "q50": -0.011749300174415112,
      "q75": 0.11107200384140015,
      "q90": 0.21372170746326447
    },
    "rule1_entropy": 2.717651844024658,
    "rule1_distribution": [
      0.132717,
      0.067108,
      0.158091,
      0.170036,
      0.238865,
      0.102929,
      0.130253
    ],
    "E_top20_ratio": 0.37186533212661743,
    "psnr": 24.4402
  },
  "__pairwise_corr__": {
    "full_vs_snr_only": {
      "corr_A": 0.0,
      "l2_rel_A": 0.079765
    },
    "full_vs_importance_only": {
      "corr_A": 0.999853,
      "l2_rel_A": 0.006712
    },
    "full_vs_linear": {
      "corr_A": 0.998305,
      "l2_rel_A": 0.027901
    },
    "snr_only_vs_importance_only": {
      "corr_A": 0.0,
      "l2_rel_A": 0.073416
    },
    "snr_only_vs_linear": {
      "corr_A": 0.0,
      "l2_rel_A": 0.052284
    },
    "importance_only_vs_linear": {
      "corr_A": 0.997298,
      "l2_rel_A": 0.02156
    }
  }
}