{
  "full": {
    "A_stats": {
      "mean": 1.0,
      "std": 0.05987689644098282,
      "min": 0.8750729560852051,
      "max": 1.1654059886932373,
      "q10": 0.9208928942680359,
      "q25": 0.9507231712341309,
      "q50": 0.9976921081542969,
      "q75": 1.0481648445129395,
      "q90": 1.0819756984710693
    },
    "A_entropy": -363.11481236453926,
    "corr_A_I": 0.9217069745063782,
    "score_raw_stats": {
      "mean": 0.1996806114912033,
      "std": 0.13214777410030365,
      "min": -0.03447514399886131,
      "max": 0.4191741347312927,
      "q10": 0.010140537284314632,
      "q25": 0.08757270127534866,
      "q50": 0.20646505057811737,
      "q75": 0.30898791551589966,
      "q90": 0.3851590156555176
    },
    "score_post_stats": {
      "mean": -1.862645149230957e-09,
      "std": 0.2442658543586731,
      "min": -0.5706084370613098,
      "max": 0.6955711841583252,
      "q10": -0.32763534784317017,
      "q25": -0.19477880001068115,
      "q50": -0.0023370683193206787,
      "q75": 0.19415131211280823,
      "q90": 0.32707616686820984
    },
    "rule1_entropy": 2.717651844024658,
    "rule1_distribution": [
      0.132717,
      0.067108,
      0.158091,
      0.170036,
      0.238865,
      0.102929,
      0.130253
    ],
    "rule2_entropy": 2.4095609188079834,
    "rule2_distribution": [
      0.060404,
      0.183296,
      0.181071,
      0.081425,
      0.306858,
      0.186947
    ],
    "E_top20_ratio": 0.3739107549190521,
    "psnr": 25.5789
  },
  "snr_only": {
    "A_stats": {
      "mean": 1.0,
      "std": 0.0,
      "min": 1.0,
      "max": 1.0,
      "q10": 1.0,
      "q25": 1.0,
      "q50": 1.0,
      "q75": 1.0,
      "q90": 1.0
    },
    "A_entropy": -282.19314740218636,
    "corr_A_I": null,
    "score_raw_stats": {
      "mean": 0.19225388765335083,
      "std": 0.0,
      "min": 0.19225388765335083,
      "max": 0.19225388765335083,
      "q10": 0.19225388765335083,
      "q25": 0.19225388765335083,
      "q50": 0.19225388765335083,
      "q75": 0.19225388765335083,
      "q90": 0.19225388765335083
    },
    "score_post_stats": {
      "mean": 0.0,
      "std": 0.0,
      "min": 0.0,
      "max": 0.0,
      "q10": 0.0,
      "q25": 0.0,
      "q50": 0.0,
      "q75": 0.0,
      "q90": 0.0
    },
    "rule2_entropy": 2.359279155731201,
    "rule2_distribution": [
      0.055887,
      0.164492,
      0.162515,
      0.09036,
      0.362254,
      0.164492
    ],
    "E_top20_ratio": 0.333965927362442,
    "psnr": 25.5575
  },
  "importance_only": {
    "A_stats": {
      "mean": 1.0,
      "std": 0.07341618835926056,
      "min": 0.8499340415000916,
      "max": 1.2079541683197021,
      "q10": 0.9049556255340576,
      "q25": 0.9400927424430847,
      "q50": 0.9951730370521545,
      "q75": 1.0578749179840088,
      "q90": 1.1023520231246948
    },
    "A_entropy": -252.85516856654579,
    "corr_A_I": 0.9235948920249939,
    "score_raw_stats": {
      "mean": 0.20760896801948547,
      "std": 0.13804355263710022,
      "min": -0.037322353571653366,
      "max": 0.44741952419281006,
      "q10": 0.012183025479316711,
      "q25": 0.0924682468175888,
      "q50": 0.211567223072052,
      "q75": 0.31823158264160156,
      "q90": 0.40502747893333435
    },
    "score_post_stats": {
      "mean": -1.862645149230957e-09,
      "std": 0.2552473545074463,
      "min": -0.5938611626625061,
      "max": 0.7452621459960938,
      "q10": -0.33787888288497925,
      "q25": -0.20098647475242615,
      "q50": -0.008110567927360535,
      "q75": 0.19742374122142792,
      "q90": 0.3457334339618683
    },
    "rule1_entropy": 2.717651844024658,
    "rule1_distribution": [
      0.132717,
      0.067108,
      0.158091,
      0.170036,
      0.238865,
      0.102929,
      0.130253
    ],
    "rule2_entropy": 2.4499361515045166,
    "rule2_distribution": [
      0.090991,
      0.186495,
      0.090991,
      0.139999,
      0.308683,
      0.18284
    ],
    "E_top20_ratio": 0.3842221796512604,
    "psnr": 25.5444
  },
  "linear": {
    "A_stats": {
      "mean": 1.0,
      "std": 0.03858112916350365,
      "min": 0.9168997406959534,
      "max": 1.1198161840438843,
      "q10": 0.9512138962745667,
      "q25": 0.9698203802108765,
      "q50": 0.9963586926460266,
      "q75": 1.0280799865722656,
      "q90": 1.054387092590332
    },
    "A_entropy": -668.4243952429151,
    "corr_A_I": 0.925643265247345,
    "score_raw_stats": {
      "mean": -6.984919309616089e-09,
      "std": 0.15338419377803802,
      "min": -0.35106155276298523,
      "max": 0.4787535071372986,
      "q10": -0.19585849344730377,
      "q25": -0.11844736337661743,
      "q50": -0.011749300174415112,
      "q75": 0.11107200384140015,
      "q90": 0.21372170746326447
    },
    "score_post_stats": {
      "mean": -6.984919309616089e-09,
      "std": 0.15338419377803802,
      "min": -0.35106155276298523,
      "max": 0.4787535071372986,
      "q10": -0.19585849344730377,
      "q25": -0.11844736337661743,
      "q50": -0.011749300174415112,
      "q75": 0.11107200384140015,
      "q90": 0.21372170746326447
    },
    "rule1_entropy": 2.717651844024658,
    "rule1_distribution": [
      0.132717,
      0.067108,
      0.158091,
      0.170036,
      0.238865,
      0.102929,
      0.130253
    ],
    "E_top20_ratio": 0.361817330121994,
    "psnr": 25.4822
  },
  "__pairwise_corr__": {
    "full_vs_snr_only": {
      "corr_A": 0.0,
      "l2_rel_A": 0.05977
    },
    "full_vs_importance_only": {
      "corr_A": 0.999506,
      "l2_rel_A": 0.013674
    },
    "full_vs_linear": {
      "corr_A": 0.995202,
      "l2_rel_A": 0.021771
    },
    "snr_only_vs_importance_only": {
      "corr_A": 0.0,
      "l2_rel_A": 0.073416
    },
    "snr_only_vs_linear": {
      "corr_A": 0.0,
      "l2_rel_A": 0.038581
    },
    "importance_only_vs_linear": {
      "corr_A": 0.997592,
      "l2_rel_A": 0.034936
    }
  }
}