{
  "A_std": 0.005571596557274461,
  "A_range": 0.016964426264166832,
  "I_A_corr": -0.7701132670044899,
  "channel_rel_mean": 0.6973671764135361,
  "delta_mean": 0.2641332373023033,
  "score_abs_mean": 0.017910616472363472
}