{
  "layer1": [
    0.09493567794561386,
    0.05890597775578499,
    0.1183750182390213,
    0.1330864280462265,
    0.4043463468551636,
    0.09882093966007233,
    0.09152967482805252
  ],
  "layer2": [
    0.0539671815931797,
    0.10300012677907944,
    0.14557042717933655,
    0.07804211229085922,
    0.3209180235862732,
    0.298502117395401
  ]
}