{
  "A_std": 0.07179711200296879,
  "A_range": 0.24985705316066742,
  "I_A_corr": 0.9983276128768921,
  "channel_rel_mean": 0.5,
  "delta_mean": 0.30000001192092896,
  "score_abs_mean": 0.21074863523244858
}