{
  "A_std": 0.011071934830397367,
  "A_range": 0.03266154322773218,
  "I_A_corr": -0.9779521077871323,
  "channel_rel_mean": 0.5,
  "delta_mean": 0.30000001192092896,
  "score_abs_mean": 0.03240813501179218
}