{
  "A_std": 0.008638026542030275,
  "A_range": 0.02746485942043364,
  "I_A_corr": -0.9884350150823593,
  "channel_rel_mean": 0.5,
  "delta_mean": 0.30000001192092896,
  "score_abs_mean": 0.02495753183029592
}