{
  "A_std": 0.011103529948741198,
  "A_range": 0.03342021815478802,
  "I_A_corr": -0.9883987456560135,
  "channel_rel_mean": 0.5,
  "delta_mean": 0.30000001192092896,
  "score_abs_mean": 0.032175760716199875
}