{
  "A_std": 0.07367352396249771,
  "A_range": 0.25234613195061684,
  "I_A_corr": 0.998327374458313,
  "channel_rel_mean": 0.5,
  "delta_mean": 0.30000001192092896,
  "score_abs_mean": 0.21746397577226162
}