{
  "A_std": 0.017451506108045578,
  "A_range": 0.056376073975116014,
  "I_A_corr": -0.9969886392354965,
  "channel_rel_mean": 0.5,
  "delta_mean": 0.30000001192092896,
  "score_abs_mean": 0.049600616563111544
}