{
  "layer1": [
    0.08834967762231827,
    0.06021745875477791,
    0.11514030396938324,
    0.1303098350763321,
    0.42026299238204956,
    0.09836264699697495,
    0.08735714107751846
  ],
  "layer2": [
    0.0740964412689209,
    0.14021693170070648,
    0.0740964412689209,
    0.13788336515426636,
    0.3005898892879486,
    0.27311694622039795
  ]
}