{
  "layer1": [
    0.086483895778656,
    0.059928908944129944,
    0.11435909569263458,
    0.1285313069820404,
    0.42355331778526306,
    0.09851761162281036,
    0.08862590044736862
  ],
  "layer2": [
    0.0736803412437439,
    0.13912534713745117,
    0.0736803412437439,
    0.13800092041492462,
    0.30084046721458435,
    0.27467262744903564
  ]
}