{
  "layer1": [
    0.08687438815832138,
    0.06175753101706505,
    0.11335229873657227,
    0.12738393247127533,
    0.420636922121048,
    0.09607847034931183,
    0.09391643851995468
  ],
  "layer2": [
    0.07423613220453262,
    0.14061342179775238,
    0.07423613220453262,
    0.1379382610321045,
    0.30076175928115845,
    0.27221429347991943
  ]
}