{
  "layer1": [
    0.15178203582763672,
    0.0679430291056633,
    0.16642537713050842,
    0.16658809781074524,
    0.20982682704925537,
    0.1088017150759697,
    0.12863297760486603
  ],
  "layer2": [
    0.09523653239011765,
    0.19740429520606995,
    0.09523653239011765,
    0.1379786729812622,
    0.30397525429725647,
    0.1701686978340149
  ]
}