{
  "layer1": [
    0.141485795378685,
    0.0678819864988327,
    0.16219066083431244,
    0.16789238154888153,
    0.22570988535881042,
    0.10940276086330414,
    0.12543658912181854
  ],
  "layer2": [
    0.09279662370681763,
    0.19105423986911774,
    0.09279662370681763,
    0.13883595168590546,
    0.3058865964412689,
    0.17862997949123383
  ]
}