{
  "layer1": [
    0.1381155252456665,
    0.06700221449136734,
    0.16255003213882446,
    0.16507849097251892,
    0.2384990006685257,
    0.11082900315523148,
    0.11792575567960739
  ],
  "layer2": [
    0.09144660085439682,
    0.18739326298236847,
    0.09144660085439682,
    0.13878679275512695,
    0.30556032061576843,
    0.1853664368391037
  ]
}