{
  "layer1": [
    0.1476050466299057,
    0.06832950562238693,
    0.16337990760803223,
    0.1668452024459839,
    0.21943722665309906,
    0.10660780221223831,
    0.1277952939271927
  ],
  "layer2": [
    0.09417606145143509,
    0.19460934400558472,
    0.09417606145143509,
    0.1382310688495636,
    0.3044860363006592,
    0.17432135343551636
  ]
}