{
  "layer1": [
    0.13332749903202057,
    0.068717360496521,
    0.1561068445444107,
    0.16166028380393982,
    0.24467921257019043,
    0.11256169527769089,
    0.12294712662696838
  ],
  "layer2": [
    0.09050145000219345,
    0.18489482998847961,
    0.09050145000219345,
    0.13899171352386475,
    0.30595892667770386,
    0.18915162980556488
  ]
}