{
  "layer1": [
    0.08628696948289871,
    0.06070682033896446,
    0.11445675790309906,
    0.12700696289539337,
    0.42578691244125366,
    0.09831447154283524,
    0.08744113892316818
  ],
  "layer2": [
    0.07365985214710236,
    0.1390046328306198,
    0.07365985214710236,
    0.13777591288089752,
    0.30024078488349915,
    0.2756589651107788
  ]
}