{
  "A_std": 0.016701269429177046,
  "A_range": 0.058718305081129074,
  "I_A_corr": -0.999952144920826,
  "channel_rel_mean": 1.0,
  "delta_mean": 0.0,
  "score_abs_mean": 0.0
}