{
  "A_std": 0.010842180694453418,
  "A_range": 0.038238813169300556,
  "I_A_corr": -0.9999822080135345,
  "channel_rel_mean": 0.6285714507102966,
  "delta_mean": 0.0,
  "score_abs_mean": 0.0
}