{
  "A_std": 0.013597688055597246,
  "A_range": 0.04793513612821698,
  "I_A_corr": -0.9999698847532272,
  "channel_rel_mean": 1.0,
  "delta_mean": 0.0,
  "score_abs_mean": 0.0
}