{
  "A_std": 0.013254806166514754,
  "A_range": 0.04697149991989136,
  "I_A_corr": -0.9999711215496063,
  "channel_rel_mean": 0.6285714507102966,
  "delta_mean": 0.0,
  "score_abs_mean": 0.0
}