{
  "A_std": 0.05076327221468091,
  "A_range": 0.1790472138673067,
  "I_A_corr": 0.9998501092195511,
  "channel_rel_mean": 1.0,
  "delta_mean": 0.0,
  "score_abs_mean": 0.0
}