{
  "A_std": 0.05124703189358115,
  "A_range": 0.17927001789212227,
  "I_A_corr": 0.9998524188995361,
  "channel_rel_mean": 0.6285714507102966,
  "delta_mean": 0.0,
  "score_abs_mean": 0.0
}