{
  "A_std": 0.059252732433378696,
  "A_range": 0.19874139316380024,
  "I_A_corr": 0.9978021085262299,
  "channel_rel_mean": 0.6683114618062973,
  "delta_mean": 0.2645176164805889,
  "score_abs_mean": 0.19288385845720768
}