{
  "A_std": 0.008431638241745532,
  "A_range": 0.02594619640149176,
  "I_A_corr": -0.8441736474633217,
  "channel_rel_mean": 0.5000612251460552,
  "delta_mean": 0.2999889999628067,
  "score_abs_mean": 0.02373956493102014
}