{
  "A_std": 0.009201146312989295,
  "A_range": 0.029456235002726316,
  "I_A_corr": -0.779430627822876,
  "channel_rel_mean": 0.553628958761692,
  "delta_mean": 0.29034680873155594,
  "score_abs_mean": 0.026328998152166605
}