{
  "A_std": 0.012928125797770917,
  "A_range": 0.045276027638465166,
  "I_A_corr": 0.34566842019557953,
  "channel_rel_mean": 0.497096735984087,
  "delta_mean": 0.3245909959077835,
  "score_abs_mean": 0.033630968537181616
}