{
  "A_std": 0.07184117194265127,
  "A_range": 0.2400104459375143,
  "I_A_corr": 0.9976731389760971,
  "channel_rel_mean": 0.5540817230939865,
  "delta_mean": 0.2902453616261482,
  "score_abs_mean": 0.21631755493581295
}