{
  "A_std": 0.008063241897616535,
  "A_range": 0.025186934741213918,
  "I_A_corr": -0.8040730282664299,
  "channel_rel_mean": 0.5422781780362129,
  "delta_mean": 0.2923899479210377,
  "score_abs_mean": 0.022867858409881592
}