{
  "layer1": [
    0.17136512696743011,
    0.07668469846248627,
    0.17080338299274445,
    0.15985894203186035,
    0.16406407952308655,
    0.1186903640627861,
    0.13853344321250916
  ],
  "layer2": [
    0.10609414428472519,
    0.20339132845401764,
    0.10887746512889862,
    0.14276789128780365,
    0.2847176492214203,
    0.15415151417255402
  ]
}