{
  "layer1": [
    0.09317969530820847,
    0.0593731626868248,
    0.11709365993738174,
    0.13359595835208893,
    0.4035317599773407,
    0.09770963340997696,
    0.09551617503166199
  ],
  "layer2": [
    0.08335905522108078,
    0.1260308474302292,
    0.09136272966861725,
    0.15036992728710175,
    0.26764509081840515,
    0.2812323570251465
  ]
}