{
  "layer1": [
    0.09309495985507965,
    0.059415221214294434,
    0.11863970756530762,
    0.13389310240745544,
    0.40150073170661926,
    0.09866908192634583,
    0.09478721022605896
  ],
  "layer2": [
    0.07257766276597977,
    0.1268373280763626,
    0.10502795875072479,
    0.12536881864070892,
    0.2874898314476013,
    0.2826984226703644
  ]
}