{
  "layer1": [
    0.13723236322402954,
    0.06558816879987717,
    0.15873174369335175,
    0.16551239788532257,
    0.24857448041439056,
    0.10590812563896179,
    0.11845275014638901
  ],
  "layer2": [
    0.11329679936170578,
    0.16574355959892273,
    0.08262849599123001,
    0.17644360661506653,
    0.27066683769226074,
    0.19122079014778137
  ]
}