{
  "layer1": [
    0.11238237470388412,
    0.06432683020830154,
    0.14373019337654114,
    0.15428908169269562,
    0.3082546591758728,
    0.10743939131498337,
    0.10957744717597961
  ],
  "layer2": [
    0.06023690104484558,
    0.1285274773836136,
    0.1535450965166092,
    0.08711505681276321,
    0.32610076665878296,
    0.24447467923164368
  ]
}