{
  "layer1": [
    0.09066833555698395,
    0.059270262718200684,
    0.11686939746141434,
    0.13327376544475555,
    0.4047293961048126,
    0.099904865026474,
    0.09528396278619766
  ],
  "layer2": [
    0.07226116210222244,
    0.12562325596809387,
    0.10387761145830154,
    0.1261451095342636,
    0.2870008945465088,
    0.28509199619293213
  ]
}