{
  "layer1": [
    0.11445498466491699,
    0.06389576196670532,
    0.1433641016483307,
    0.153336763381958,
    0.3026534914970398,
    0.10812589526176453,
    0.11416905373334885
  ],
  "layer2": [
    0.06037428602576256,
    0.12941882014274597,
    0.15495748817920685,
    0.08678444474935532,
    0.3267717659473419,
    0.24169324338436127
  ]
}