{
  "layer1": [
    0.11853529512882233,
    0.06367433816194534,
    0.1451864093542099,
    0.1552639603614807,
    0.29890555143356323,
    0.10761653631925583,
    0.11081800609827042
  ],
  "layer2": [
    0.08074979484081268,
    0.14783599972724915,
    0.12047865986824036,
    0.12727345526218414,
    0.29216480255126953,
    0.23149730265140533
  ]
}