{
  "meta": {
    "channel": "AWGN",
    "rician_k": 4.0,
    "rayleigh_equalize": false,
    "dataset": "cifar10",
    "image_size": 32,
    "batch_size": 16,
    "batch_index": 0,
    "sample_index": 0,
    "snr_db": 1.0,
    "budget": 1.0,
    "ratio": 0.1667,
    "latent_c": 8
  },
  "shared_channel_ctx": {
    "gamma_eff_db_stats": {
      "mean": 1.0000001192092896,
      "std": 0.0,
      "min": 1.0000001192092896,
      "max": 1.0000001192092896
    },
    "gamma_eff_norm_stats": {
      "mean": 0.5,
      "std": 0.0,
      "min": 0.5,
      "max": 0.5
    },
    "h_abs2_stats": {
      "mean": 1.0,
      "std": 0.0,
      "min": 1.0,
      "max": 1.0
    },
    "posteq_noise_var_stats": {
      "mean": 0.7943282127380371,
      "std": 0.0,
      "min": 0.7943282127380371,
      "max": 0.7943282127380371
    },
    "eq_quality_stats": {
      "mean": 1.258925437927246,
      "std": 0.0,
      "min": 1.258925437927246,
      "max": 1.258925437927246
    }
  },
  "modes": {
    "baseline": {
      "mode": "baseline",
      "z_stats": {
        "mean": -0.03132183477282524,
        "std": 0.999509334564209,
        "min": -5.012012481689453,
        "max": 4.836894512176514
      },
      "z_tx_stats": {
        "mean": -0.03132183104753494,
        "std": 0.999509334564209,
        "min": -5.012012481689453,
        "max": 4.836894512176514
      },
      "E_z_stats": {
        "mean": 1.0,
        "std": 0.5781651735305786,
        "min": 0.0723271518945694,
        "max": 5.877840995788574
      },
      "E_ztx_stats": {
        "mean": 1.0,
        "std": 0.5781651735305786,
        "min": 0.0723271518945694,
        "max": 5.877840995788574
      },
      "E_ztx_hist": {
        "edges": [
          0.0723271518945694,
          0.556119978427887,
          1.0399128198623657,
          1.5237056016921997,
          2.0074985027313232,
          2.4912912845611572,
          2.975084066390991,
          3.458876848220825,
          3.942669630050659,
          4.426462650299072,
          4.910255432128906,
          5.39404821395874,
          5.877840995788574
        ],
        "counts": [
          199,
          448,
          229,
          103,
          24,
          9,
          3,
          5,
          1,
          2,
          0,
          1
        ]
      },
      "mean_power_z": 0.9999999403953552,
      "mean_power_z_tx": 0.9999999403953552
    },
    "linear": {
      "mode": "linear",
      "channel_ctx": {
        "gamma_eff_db_stats": {
          "mean": 1.0000001192092896,
          "std": 0.0,
          "min": 1.0000001192092896,
          "max": 1.0000001192092896
        },
        "gamma_eff_norm_stats": {
          "mean": 0.5,
          "std": 0.0,
          "min": 0.5,
          "max": 0.5
        },
        "h_abs2_stats": {
          "mean": 1.0,
          "std": 0.0,
          "min": 1.0,
          "max": 1.0
        },
        "posteq_noise_var_stats": {
          "mean": 0.7943282127380371,
          "std": 0.0,
          "min": 0.7943282127380371,
          "max": 0.7943282127380371
        },
        "eq_quality_stats": {
          "mean": 1.258925437927246,
          "std": 0.0,
          "min": 1.258925437927246,
          "max": 1.258925437927246
        }
      },
      "I_stats": {
        "mean": 0.48178157210350037,
        "std": 0.1599002480506897,
        "min": 0.2519783675670624,
        "max": 0.8128668665885925
      },
      "channel_rel_stats": {
        "mean": 0.5,
        "std": 0.0,
        "min": 0.5,
        "max": 0.5
      },
      "A_stats": {
        "mean": 1.0,
        "std": 0.0702614039182663,
        "min": 0.8695178627967834,
        "max": 1.2198938131332397
      },
      "z_stats": {
        "mean": 0.006658051162958145,
        "std": 3.729130744934082,
        "min": -16.178274154663086,
        "max": 17.8909912109375
      },
      "z_g_stats": {
        "mean": 0.006337814498692751,
        "std": 3.8410351276397705,
        "min": -18.478435516357422,
        "max": 20.450674057006836
      },
      "z_tx_stats": {
        "mean": -0.004408851265907288,
        "std": 0.9999902248382568,
        "min": -4.655401706695557,
        "max": 4.587065696716309
      },
      "E_z_stats": {
        "mean": 13.90645980834961,
        "std": 7.674949645996094,
        "min": 1.5552088022232056,
        "max": 51.15312194824219
      },
      "Ezg_stats": {
        "mean": 14.753591537475586,
        "std": 10.120030403137207,
        "min": 1.2287631034851074,
        "max": 67.1348876953125
      },
      "E_ztx_stats": {
        "mean": 1.0,
        "std": 0.6037638783454895,
        "min": 0.06863856315612793,
        "max": 5.6795268058776855
      },
      "A_hist": {
        "edges": [
          0.8695178627967834,
          0.8987158536911011,
          0.9279138445854187,
          0.9571118354797363,
          0.986309826374054,
          1.0155078172683716,
          1.044705867767334,
          1.0739037990570068,
          1.1031018495559692,
          1.132299780845642,
          1.1614978313446045,
          1.1906957626342773,
          1.2198938131332397
        ],
        "counts": [
          35,
          126,
          140,
          203,
          138,
          115,
          98,
          65,
          52,
          42,
          7,
          3
        ]
      },
      "E_ztx_hist": {
        "edges": [
          0.06863856315612793,
          0.5362125635147095,
          1.003786563873291,
          1.471360683441162,
          1.9389346837997437,
          2.406508684158325,
          2.874082565307617,
          3.3416566848754883,
          3.8092308044433594,
          4.2768049240112305,
          4.744378566741943,
          5.2119526863098145,
          5.6795268058776855
        ],
        "counts": [
          206,
          429,
          214,
          106,
          36,
          19,
          8,
          4,
          0,
          1,
          0,
          1
        ]
      },
      "corr_A_I": 0.9247690439224243,
      "corr_A_gamma_eff": 0.0,
      "mean_power_z": 13.90645980834961,
      "mean_power_z_g": 14.753591537475586,
      "mean_power_z_tx": 1.0,
      "mean_abs_shift_gating": 0.1755116879940033,
      "mean_abs_shift_tx_vs_pre": 2.1161985397338867,
      "A_raw_stats": {
        "mean": 4.656612873077393e-10,
        "std": 0.16274334490299225,
        "min": -0.3254671096801758,
        "max": 0.49641016125679016
      },
      "rule1_usage": {
        "0": 116,
        "1": 38,
        "2": 69,
        "3": 179,
        "4": 447,
        "5": 81,
        "6": 94
      }
    },
    "importance_only": {
      "mode": "importance_only",
      "channel_ctx": {
        "gamma_eff_db_stats": {
          "mean": 1.0000001192092896,
          "std": 0.0,
          "min": 1.0000001192092896,
          "max": 1.0000001192092896
        },
        "gamma_eff_norm_stats": {
          "mean": 0.5,
          "std": 0.0,
          "min": 0.5,
          "max": 0.5
        },
        "h_abs2_stats": {
          "mean": 1.0,
          "std": 0.0,
          "min": 1.0,
          "max": 1.0
        },
        "posteq_noise_var_stats": {
          "mean": 0.7943282127380371,
          "std": 0.0,
          "min": 0.7943282127380371,
          "max": 0.7943282127380371
        },
        "eq_quality_stats": {
          "mean": 1.258925437927246,
          "std": 0.0,
          "min": 1.258925437927246,
          "max": 1.258925437927246
        }
      },
      "I_stats": {
        "mean": 0.5425687432289124,
        "std": 0.14765042066574097,
        "min": 0.259233295917511,
        "max": 0.8127395510673523
      },
      "channel_rel_stats": null,
      "A_stats": {
        "mean": 1.0,
        "std": 0.1301196664571762,
        "min": 0.7520323991775513,
        "max": 1.321831226348877
      },
      "z_stats": {
        "mean": 0.021274397149682045,
        "std": 1.3511912822723389,
        "min": -5.837376594543457,