{
  "meta": {
    "channel": "AWGN",
    "rician_k": 4.0,
    "rayleigh_equalize": false,
    "dataset": "cifar10",
    "image_size": 32,
    "batch_size": 16,
    "batch_index": 0,
    "sample_index": 0,
    "snr_db": 1.0,
    "budget": 1.0,
    "ratio": 0.1667,
    "latent_c": 8
  },
  "shared_channel_ctx": {
    "gamma_eff_db_stats": {
      "mean": 1.0000001192092896,
      "std": 0.0,
      "min": 1.0000001192092896,
      "max": 1.0000001192092896
    },
    "gamma_eff_norm_stats": {
      "mean": 0.0,
      "std": 0.0,
      "min": 0.0,
      "max": 0.0
    },
    "h_abs2_stats": {
      "mean": 1.0,
      "std": 0.0,
      "min": 1.0,
      "max": 1.0
    },
    "posteq_noise_var_stats": {
      "mean": 0.7943282127380371,
      "std": 0.0,
      "min": 0.7943282127380371,
      "max": 0.7943282127380371
    },
    "eq_quality_stats": {
      "mean": 1.258925437927246,
      "std": 0.0,
      "min": 1.258925437927246,
      "max": 1.258925437927246
    }
  },
  "modes": {
    "baseline": {
      "mode": "baseline",
      "z_stats": {
        "mean": 0.005567342508584261,
        "std": 0.9999845027923584,
        "min": -4.537408828735352,
        "max": 5.5236406326293945
      },
      "z_tx_stats": {
        "mean": 0.005567341111600399,
        "std": 0.9999844431877136,
        "min": -4.537408828735352,
        "max": 5.5236406326293945
      },
      "E_z_stats": {
        "mean": 1.0,
        "std": 0.564246654510498,
        "min": 0.07554633915424347,
        "max": 5.884502410888672
      },
      "E_ztx_stats": {
        "mean": 0.9999999403953552,
        "std": 0.564246654510498,
        "min": 0.07554633915424347,
        "max": 5.884502410888672
      },
      "E_ztx_hist": {
        "edges": [
          0.07554633915424347,
          0.5596259832382202,
          1.043705701828003,
          1.527785301208496,
          2.0118651390075684,
          2.4959447383880615,
          2.9800243377685547,
          3.464103937149048,
          3.94818377494812,
          4.432263374328613,
          4.9163432121276855,
          5.4004225730896,
          5.884502410888672
        ],
        "counts": [
          196,
          457,
          244,
          78,
          32,
          7,
          3,
          2,
          2,
          2,
          0,
          1
        ]
      },
      "mean_power_z": 0.9999999403953552,
      "mean_power_z_tx": 0.9999999403953552
    },
    "linear": {
      "mode": "linear",
      "channel_ctx": {
        "gamma_eff_db_stats": {
          "mean": 1.0000001192092896,
          "std": 0.0,
          "min": 1.0000001192092896,
          "max": 1.0000001192092896
        },
        "gamma_eff_norm_stats": {
          "mean": 0.0,
          "std": 0.0,
          "min": 0.0,
          "max": 0.0
        },
        "h_abs2_stats": {
          "mean": 1.0,
          "std": 0.0,
          "min": 1.0,
          "max": 1.0
        },
        "posteq_noise_var_stats": {
          "mean": 0.7943282127380371,
          "std": 0.0,
          "min": 0.7943282127380371,
          "max": 0.7943282127380371
        },
        "eq_quality_stats": {
          "mean": 1.258925437927246,
          "std": 0.0,
          "min": 1.258925437927246,
          "max": 1.258925437927246
        }
      },
      "I_stats": {
        "mean": 0.46452927589416504,
        "std": 0.16417400538921356,
        "min": 0.25153598189353943,
        "max": 0.8114063143730164
      },
      "channel_rel_stats": {
        "mean": 0.0,
        "std": 0.0,
        "min": 0.0,
        "max": 0.0
      },
      "A_stats": {
        "mean": 0.9999999403953552,
        "std": 0.06972826272249222,
        "min": 0.8672504425048828,
        "max": 1.2397655248641968
      },
      "z_stats": {
        "mean": 0.12190720438957214,
        "std": 11.742456436157227,
        "min": -54.098793029785156,
        "max": 60.56181716918945
      },
      "z_g_stats": {
        "mean": 0.11711569130420685,
        "std": 12.088379859924316,
        "min": -61.05306625366211,
        "max": 68.56997680664062
      },
      "z_tx_stats": {
        "mean": 0.0063814278692007065,
        "std": 0.9999796748161316,
        "min": -4.653670787811279,
        "max": 5.854269027709961
      },
      "E_z_stats": {
        "mean": 137.900146484375,
        "std": 75.0739974975586,
        "min": 23.167274475097656,
        "max": 540.1112670898438
      },
      "Ezg_stats": {
        "mean": 146.14260864257812,
        "std": 100.5276107788086,
        "min": 18.252063751220703,
        "max": 727.8092041015625
      },
      "E_ztx_stats": {
        "mean": 1.0,
        "std": 0.6143513321876526,
        "min": 0.11227955669164658,
        "max": 6.8402910232543945
      },
      "A_hist": {
        "edges": [
          0.8672504425048828,
          0.8982933759689331,
          0.9293363094329834,
          0.9603792428970337,
          0.9914221167564392,
          1.0224651098251343,
          1.0535080432891846,
          1.0845508575439453,
          1.1155937910079956,
          1.146636724472046,
          1.1776796579360962,
          1.2087225914001465,
          1.2397655248641968
        ],
        "counts": [
          28,
          119,
          187,
          215,
          141,
          106,
          82,
          71,
          44,
          20,
          8,
          3
        ]
      },
      "E_ztx_hist": {
        "edges": [
          0.11227955669164658,
          0.6729471683502197,
          1.2336148023605347,
          1.7942824363708496,
          2.354949951171875,
          2.9156177043914795,
          3.476285219192505,
          4.036952972412109,
          4.597620487213135,
          5.15828800201416,
          5.718955993652344,
          6.279623508453369,
          6.8402910232543945
        ],
        "counts": [
          345,
          429,
          162,
          50,
          25,
          5,
          4,
          1,
          2,
          0,
          0,
          1
        ]
      },
      "corr_A_I": 0.8915115594863892,
      "corr_A_gamma_eff": 0.0,
      "mean_power_z": 137.900146484375,
      "mean_power_z_g": 146.14260864257812,
      "mean_power_z_tx": 1.0,
      "mean_abs_shift_gating": 0.547993004322052,
      "mean_abs_shift_tx_vs_pre": 8.257597923278809,
      "A_raw_stats": {
        "mean": 6.7229848355054855e-09,
        "std": 0.16107502579689026,
        "min": -0.3337036073207855,
        "max": 0.543375551700592
      },
      "rule1_usage": {
        "0": 101,
        "1": 25,
        "2": 92,
        "3": 185,
        "4": 493,
        "5": 62,
        "6": 66
      }
    },
    "importance_only": {
      "mode": "importance_only",
      "channel_ctx": {
        "gamma_eff_db_stats": {
          "mean": 1.0000001192092896,
          "std": 0.0,
          "min": 1.0000001192092896,
          "max": 1.0000001192092896
        },
        "gamma_eff_norm_stats": {
          "mean": 0.0,
          "std": 0.0,
          "min": 0.0,
          "max": 0.0
        },
        "h_abs2_stats": {
          "mean": 1.0,
          "std": 0.0,
          "min": 1.0,
          "max": 1.0
        },
        "posteq_noise_var_stats": {
          "mean": 0.7943282127380371,
          "std": 0.0,
          "min": 0.7943282127380371,
          "max": 0.7943282127380371
        },
        "eq_quality_stats": {
          "mean": 1.258925437927246,
          "std": 0.0,
          "min": 1.258925437927246,
          "max": 1.258925437927246
        }
      },
      "I_stats": {
        "mean": 0.525329053401947,
        "std": 0.1504853069782257,
        "min": 0.2535562515258789,
        "max": 0.8116783499717712
      },
      "channel_rel_stats": null,
      "A_stats": {
        "mean": 1.0,
        "std": 0.1319037824869156,
        "min": 0.7471828460693359,
        "max": 1.3424257040023804
      },
      "z_stats": {
        "mean": 0.1091189831495285,
        "std": 22.438697814941406,