{
  "meta": {
    "channel": "AWGN",
    "rician_k": 4.0,
    "rayleigh_equalize": false,
    "dataset": "cifar10",
    "image_size": 32,
    "batch_size": 16,
    "batch_index": 0,
    "sample_index": 0,
    "snr_db": 1.0,
    "budget": 1.0,
    "ratio": 0.1667,
    "latent_c": 8
  },
  "shared_channel_ctx": {
    "gamma_eff_db_stats": {
      "mean": 1.0000001192092896,
      "std": 0.0,
      "min": 1.0000001192092896,
      "max": 1.0000001192092896
    },
    "gamma_eff_norm_stats": {
      "mean": 0.0,
      "std": 0.0,
      "min": 0.0,
      "max": 0.0
    },
    "h_abs2_stats": {
      "mean": 1.0,
      "std": 0.0,
      "min": 1.0,
      "max": 1.0
    },
    "posteq_noise_var_stats": {
      "mean": 0.7943282127380371,
      "std": 0.0,
      "min": 0.7943282127380371,
      "max": 0.7943282127380371
    },
    "eq_quality_stats": {
      "mean": 1.258925437927246,
      "std": 0.0,
      "min": 1.258925437927246,
      "max": 1.258925437927246
    }
  },
  "modes": {
    "baseline": {
      "mode": "baseline",
      "z_stats": {
        "mean": 0.008408913388848305,
        "std": 0.9999646544456482,
        "min": -4.742936134338379,
        "max": 5.711531639099121
      },
      "z_tx_stats": {
        "mean": 0.008408915251493454,
        "std": 0.9999646544456482,
        "min": -4.742936134338379,
        "max": 5.711531162261963
      },
      "E_z_stats": {
        "mean": 1.0,
        "std": 0.5647386312484741,
        "min": 0.0700170174241066,
        "max": 5.457972049713135
      },
      "E_ztx_stats": {
        "mean": 1.0,
        "std": 0.5647386312484741,
        "min": 0.0700170174241066,
        "max": 5.457972049713135
      },
      "E_ztx_hist": {
        "edges": [
          0.0700170174241066,
          0.5190132856369019,
          0.9680095314979553,
          1.4170057773590088,
          1.866002082824707,
          2.3149983882904053,
          2.7639944553375244,
          3.2129907608032227,
          3.661987066268921,
          4.110983371734619,
          4.559979438781738,
          5.008975982666016,
          5.457972049713135
        ],
        "counts": [
          159,
          424,
          266,
          115,
          33,
          15,
          6,
          2,
          1,
          0,
          0,
          3
        ]
      },
      "mean_power_z": 1.0,
      "mean_power_z_tx": 1.0
    },
    "linear": {
      "mode": "linear",
      "channel_ctx": {
        "gamma_eff_db_stats": {
          "mean": 1.0000001192092896,
          "std": 0.0,
          "min": 1.0000001192092896,
          "max": 1.0000001192092896
        },
        "gamma_eff_norm_stats": {
          "mean": 0.0,
          "std": 0.0,
          "min": 0.0,
          "max": 0.0
        },
        "h_abs2_stats": {
          "mean": 1.0,
          "std": 0.0,
          "min": 1.0,
          "max": 1.0
        },
        "posteq_noise_var_stats": {
          "mean": 0.7943282127380371,
          "std": 0.0,
          "min": 0.7943282127380371,
          "max": 0.7943282127380371
        },
        "eq_quality_stats": {
          "mean": 1.258925437927246,
          "std": 0.0,
          "min": 1.258925437927246,
          "max": 1.258925437927246
        }
      },
      "I_stats": {
        "mean": 0.4591657221317291,
        "std": 0.1635337471961975,
        "min": 0.2513914108276367,
        "max": 0.8130549788475037
      },
      "channel_rel_stats": {
        "mean": 0.0,
        "std": 0.0,
        "min": 0.0,
        "max": 0.0
      },
      "A_stats": {
        "mean": 1.0,
        "std": 0.07003816217184067,
        "min": 0.8618317246437073,
        "max": 1.224764347076416
      },
      "z_stats": {
        "mean": 0.2911449670791626,
        "std": 14.01797103881836,
        "min": -61.80440139770508,
        "max": 69.73628997802734
      },
      "z_g_stats": {
        "mean": 0.2929825782775879,
        "std": 14.459278106689453,
        "min": -71.44839477539062,
        "max": 77.10514831542969
      },
      "z_tx_stats": {
        "mean": 0.021441951394081116,
        "std": 0.9997700452804565,
        "min": -4.510230541229248,
        "max": 5.297939300537109
      },
      "E_z_stats": {
        "mean": 196.58827209472656,
        "std": 118.47975158691406,
        "min": 14.986082077026367,
        "max": 935.9320678710938
      },
      "Ezg_stats": {
        "mean": 209.1565704345703,
        "std": 156.36636352539062,
        "min": 12.253307342529297,
        "max": 1348.88525390625
      },
      "E_ztx_stats": {
        "mean": 1.0,
        "std": 0.6401154398918152,
        "min": 0.04818614199757576,
        "max": 5.710517883300781
      },
      "A_hist": {
        "edges": [
          0.8618317246437073,
          0.8920761346817017,
          0.9223204851150513,
          0.9525648951530457,
          0.9828092455863953,
          1.0130536556243896,
          1.0432980060577393,
          1.0735424757003784,
          1.103786826133728,
          1.1340311765670776,
          1.1642755270004272,
          1.1945199966430664,
          1.224764347076416
        ],
        "counts": [
          15,
          87,
          181,
          234,
          142,
          110,
          83,
          69,
          47,
          34,
          14,
          8
        ]
      },
      "E_ztx_hist": {
        "edges": [
          0.04818614199757576,
          0.520047128200531,
          0.991908073425293,
          1.4637690782546997,
          1.9356300830841064,
          2.4074909687042236,
          2.87935209274292,
          3.351212978363037,
          3.8230738639831543,
          4.2949347496032715,
          4.766796112060547,
          5.238656997680664,
          5.710517883300781
        ],
        "counts": [
          205,
          430,
          218,
          83,
          50,
          20,
          8,
          5,
          2,
          2,
          0,
          1
        ]
      },
      "corr_A_I": 0.8965330123901367,
      "corr_A_gamma_eff": 0.0,
      "mean_power_z": 196.58827209472656,
      "mean_power_z_g": 209.15655517578125,
      "mean_power_z_tx": 1.0,
      "mean_abs_shift_gating": 0.6548106670379639,
      "mean_abs_shift_tx_vs_pre": 10.046701431274414,
      "A_raw_stats": {
        "mean": -2.6775524020195007e-09,
        "std": 0.16134773194789886,
        "min": -0.3498985171318054,
        "max": 0.5078928470611572
      },
      "rule1_usage": {
        "0": 106,
        "1": 27,
        "2": 75,
        "3": 187,
        "4": 514,
        "5": 63,
        "6": 52
      }
    },
    "importance_only": {
      "mode": "importance_only",
      "channel_ctx": {
        "gamma_eff_db_stats": {
          "mean": 1.0000001192092896,
          "std": 0.0,
          "min": 1.0000001192092896,
          "max": 1.0000001192092896
        },
        "gamma_eff_norm_stats": {
          "mean": 0.0,
          "std": 0.0,
          "min": 0.0,
          "max": 0.0
        },
        "h_abs2_stats": {
          "mean": 1.0,
          "std": 0.0,
          "min": 1.0,
          "max": 1.0
        },
        "posteq_noise_var_stats": {
          "mean": 0.7943282127380371,
          "std": 0.0,
          "min": 0.7943282127380371,
          "max": 0.7943282127380371
        },
        "eq_quality_stats": {
          "mean": 1.258925437927246,
          "std": 0.0,
          "min": 1.258925437927246,
          "max": 1.258925437927246
        }
      },
      "I_stats": {
        "mean": 0.5053863525390625,
        "std": 0.1498054563999176,
        "min": 0.25126105546951294,
        "max": 0.8124276995658875
      },
      "channel_rel_stats": null,
      "A_stats": {
        "mean": 1.0,
        "std": 0.13575100898742676,
        "min": 0.7642459273338318,
        "max": 1.3354038000106812
      },
      "z_stats": {
        "mean": 0.0021220743656158447,
        "std": 16.974567413330078,
        "min": -76.9407958984375,
        "max": 101.16918182373047
      },