{
  "channel": "Rayleigh",
  "dataset": "cifar10",
  "image_size": 32,
  "rayleigh_equalize": false,
  "baseline_ckpt": "exp_ctx/ckpts_noeq_baseline_Rayleigh/baseline_best.pth",
  "fis_ckpts": {
    "linear": "exp_ctx/ckpts_noeq_linear_Rayleigh/fis_power_best.pth",
    "importance_only": "exp_ctx/ckpts_noeq_importance_only_Rayleigh/fis_power_best.pth",
    "snr_only": "exp_ctx/ckpts_noeq_snr_only_Rayleigh/fis_power_best.pth",
    "full": "exp_ctx/ckpts_noeq_full_Rayleigh/fis_power_best.pth"
  },
  "results": {
    "1.0": {
      "1.0": {
        "baseline": {
          "psnr": 20.158356582062154,
          "ssim": 0.6466107194936728,
          "n": 79,
          "time": 0.004589252834078632
        },
        "linear": {
          "psnr": 20.550888061523438,
          "ssim": 0.6721147321447541,
          "n": 79,
          "time": 0.0018069049980066999
        },
        "importance_only": {
          "psnr": 20.52371763881249,
          "ssim": 0.6696532451653783,
          "n": 79,
          "time": 0.001626736001123356
        },
        "snr_only": {
          "psnr": 20.5582700318928,
          "ssim": 0.6723528738263287,
          "n": 79,
          "time": 0.0007404647295988059
        },
        "full": {
          "psnr": 20.603032848503016,
          "ssim": 0.6723370310626452,
          "n": 79,
          "time": 0.0015357023553003238
        }
      },
      "4.0": {
        "baseline": {
          "psnr": 21.532305970976623,
          "ssim": 0.6951274705838554,
          "n": 79,
          "time": 0.0008445118047014068
        },
        "linear": {
          "psnr": 21.996032304401638,
          "ssim": 0.7225230238105678,
          "n": 79,
          "time": 0.0012962274913546406
        },
        "importance_only": {
          "psnr": 21.967262074917176,
          "ssim": 0.7200351817698418,
          "n": 79,
          "time": 0.0016754699658743943
        },
        "snr_only": {
          "psnr": 22.021034506302847,
          "ssim": 0.7228386122969133,
          "n": 79,
          "time": 0.0007627432859396633
        },
        "full": {
          "psnr": 22.031735746166373,
          "ssim": 0.7219644136066679,
          "n": 79,
          "time": 0.001625568051881428
        }
      },
      "7.0": {
        "baseline": {
          "psnr": 22.634244315231903,
          "ssim": 0.7293445950821985,
          "n": 79,
          "time": 0.0008597947374174867
        },
        "linear": {
          "psnr": 23.228777800934225,
          "ssim": 0.7595151708095889,
          "n": 79,
          "time": 0.0013161399696446673
        },
        "importance_only": {
          "psnr": 23.200780916817582,
          "ssim": 0.7571139939223663,
          "n": 79,
          "time": 0.0015943231461923333
        },
        "snr_only": {
          "psnr": 23.279277680795403,
          "ssim": 0.7599055374724956,
          "n": 79,
          "time": 0.0007673637776435176
        },
        "full": {
          "psnr": 23.253528667401664,
          "ssim": 0.7583722487280641,
          "n": 79,
          "time": 0.0015843337095236476
        }
      },
      "10.0": {
        "baseline": {
          "psnr": 23.444945878620388,
          "ssim": 0.751787015154392,
          "n": 79,
          "time": 0.0008180413065077383
        },
        "linear": {
          "psnr": 24.183704810806468,
          "ssim": 0.7849094588545305,
          "n": 79,
          "time": 0.001249687581122676
        },
        "importance_only": {
          "psnr": 24.161172504666485,
          "ssim": 0.7825086871279946,
          "n": 79,
          "time": 0.0015424474885192099
        },
        "snr_only": {
          "psnr": 24.262678122218652,
          "ssim": 0.7852820369261729,
          "n": 79,
          "time": 0.0007569035397300238
        },
        "full": {
          "psnr": 24.212987899780273,
          "ssim": 0.7833976036385645,
          "n": 79,
          "time": 0.0015470378006560892
        }
      },
      "13.0": {
        "baseline": {
          "psnr": 23.99248106268388,
          "ssim": 0.7657286728484721,
          "n": 79,
          "time": 0.000816740567171121
        },
        "linear": {
          "psnr": 24.853108224989494,
          "ssim": 0.8013044007216827,
          "n": 79,
          "time": 0.0012399908862536467
        },
        "importance_only": {
          "psnr": 24.825095406061486,
          "ssim": 0.7987700376329543,
          "n": 79,
          "time": 0.0015464613709268691
        },
        "snr_only": {
          "psnr": 24.960531596896015,
          "ssim": 0.8016937126087237,
          "n": 79,
          "time": 0.0007421155519123319
        },
        "full": {
          "psnr": 24.89580374126193,
          "ssim": 0.7996208388594133,
          "n": 79,
          "time": 0.0015226104591466204
        }
      }
    }
  },
  "channel_context": {
    "1.0": {
      "1.0": {
        "gamma_eff_db": {
          "mean_of_means": -1.53857324093203,
          "mean_of_stds": 5.56353569634353,
          "global_min": -44.93436813354492,
          "global_max": 10.338266372680664
        },
        "gamma_eff_norm": {
          "mean_of_means": 0.0,
          "mean_of_stds": 0.0,
          "global_min": 0.0,
          "global_max": 0.0
        },
        "h_abs2": {
          "mean_of_means": 0.9965055599997316,
          "mean_of_stds": 0.9732279868065556,
          "global_min": 2.550136559875682e-05,
          "global_max": 8.586706161499023
        },
        "posteq_noise_var": {
          "mean_of_means": 13.02846234961401,
          "mean_of_stds": 105.13789805279502,
          "global_min": 0.09250674396753311,
          "global_max": 31148.45703125
        },
        "eq_quality": {
          "mean_of_means": 1.2545262054552007,
          "mean_of_stds": 1.2252214716959604,
          "global_min": 3.210431896150112e-05,
          "global_max": 10.810022354125977
        },
        "channel_type": "rayleigh",
        "fading_equalize": false
      },
      "4.0": {
        "gamma_eff_db": {
          "mean_of_means": 1.4614266372179683,
          "mean_of_stds": 5.56353567823579,
          "global_min": -41.934364318847656,
          "global_max": 13.338266372680664
        },
        "gamma_eff_norm": {
          "mean_of_means": 0.0,
          "mean_of_stds": 0.0,
          "global_min": 0.0,
          "global_max": 0.0
        },
        "h_abs2": {
          "mean_of_means": 0.9965055599997316,
          "mean_of_stds": 0.9732279868065556,
          "global_min": 2.550136559875682e-05,
          "global_max": 8.586706161499023
        },
        "posteq_noise_var": {
          "mean_of_means": 6.529698732533032,
          "mean_of_stds": 52.693771707860726,
          "global_min": 0.04636319726705551,
          "global_max": 15611.208984375
        },
        "eq_quality": {
          "mean_of_means": 2.5031089782714844,
          "mean_of_stds": 2.44463834430598,
          "global_min": 6.405654130503535e-05,
          "global_max": 21.568832397460938
        },
        "channel_type": "rayleigh",
        "fading_equalize": false
      },
      "7.0": {
        "gamma_eff_db": {
          "mean_of_means": 4.46142678622958,
          "mean_of_stds": 5.563535702379444,
          "global_min": -38.934364318847656,
          "global_max": 16.338266372680664
        },
        "gamma_eff_norm": {
          "mean_of_means": 0.0,
          "mean_of_stds": 0.0,
          "global_min": 0.0,
          "global_max": 0.0
        },
        "h_abs2": {
          "mean_of_means": 0.9965055599997316,
          "mean_of_stds": 0.9732279868065556,
          "global_min": 2.550136559875682e-05,
          "global_max": 8.586706161499023
        },
        "posteq_noise_var": {
          "mean_of_means": 3.2726018398622925,
          "mean_of_stds": 26.409448041946074,
          "global_min": 0.02323664352297783,
          "global_max": 7824.13916015625
        },