{
  "channel": "Rayleigh",
  "dataset": "cifar10",
  "image_size": 32,
  "rayleigh_equalize": false,
  "baseline_ckpt": "exp_ctx/ckpts_noeq_baseline_Rayleigh/baseline_best.pth",
  "fis_ckpts": {
    "linear": "exp_ctx/ckpts_noeq_linear_Rayleigh/fis_power_best.pth",
    "importance_only": "exp_ctx/ckpts_noeq_importance_only_Rayleigh/fis_power_best.pth",
    "snr_only": "exp_ctx/ckpts_noeq_snr_only_Rayleigh/fis_power_best.pth",
    "full": "exp_ctx/ckpts_noeq_full_Rayleigh/fis_power_best.pth"
  },
  "results": {
    "1.0": {
      "1.0": {
        "baseline": {
          "psnr": 20.40344892574262,
          "ssim": 0.6594326118879681,
          "n": 79,
          "time": 0.004397295698334899
        },
        "linear": {
          "psnr": 20.376209597044355,
          "ssim": 0.6552756428718567,
          "n": 79,
          "time": 0.0016926361035697068
        },
        "importance_only": {
          "psnr": 20.258270167097262,
          "ssim": 0.6509229057951819,
          "n": 79,
          "time": 0.0015020581740367261
        },
        "snr_only": {
          "psnr": 20.479481854016267,
          "ssim": 0.6580382404448111,
          "n": 79,
          "time": 0.0007403077958505365
        },
        "full": {
          "psnr": 20.39968995202946,
          "ssim": 0.6562448558928091,
          "n": 79,
          "time": 0.0014920144141474857
        }
      },
      "4.0": {
        "baseline": {
          "psnr": 21.818002749092972,
          "ssim": 0.7078842860233935,
          "n": 79,
          "time": 0.0008019616332235216
        },
        "linear": {
          "psnr": 21.736970949776566,
          "ssim": 0.7019508465935912,
          "n": 79,
          "time": 0.001229693618001817
        },
        "importance_only": {
          "psnr": 21.63481135307988,
          "ssim": 0.6979147105277339,
          "n": 79,
          "time": 0.001513185380380365
        },
        "snr_only": {
          "psnr": 21.79544340206098,
          "ssim": 0.7021776928177362,
          "n": 79,
          "time": 0.0007304420954064478
        },
        "full": {
          "psnr": 21.764683976958068,
          "ssim": 0.7029628625398949,
          "n": 79,
          "time": 0.001480220239373702
        }
      },
      "7.0": {
        "baseline": {
          "psnr": 22.953156483324268,
          "ssim": 0.7412938392615016,
          "n": 79,
          "time": 0.00083225286459621
        },
        "linear": {
          "psnr": 22.85821721523623,
          "ssim": 0.7351781823967076,
          "n": 79,
          "time": 0.0012498988380915002
        },
        "importance_only": {
          "psnr": 22.7604278854177,
          "ssim": 0.731281344649158,
          "n": 79,
          "time": 0.0015467993820769876
        },
        "snr_only": {
          "psnr": 22.88280332541164,
          "ssim": 0.7341022031216682,
          "n": 79,
          "time": 0.000740669950654235
        },
        "full": {
          "psnr": 22.883380310444892,
          "ssim": 0.736009228833114,
          "n": 79,
          "time": 0.0015115888812873937
        }
      },
      "10.0": {
        "baseline": {
          "psnr": 23.782512761369535,
          "ssim": 0.7627158481863481,
          "n": 79,
          "time": 0.0008231024198894259
        },
        "linear": {
          "psnr": 23.69770791258993,
          "ssim": 0.757314033146146,
          "n": 79,
          "time": 0.0012338855598546283
        },
        "importance_only": {
          "psnr": 23.594665092757985,
          "ssim": 0.7532411625113669,
          "n": 79,
          "time": 0.0015255590028400662
        },
        "snr_only": {
          "psnr": 23.707319476936437,
          "ssim": 0.7557037042666085,
          "n": 79,
          "time": 0.0007392243493961382
        },
        "full": {
          "psnr": 23.720506040355826,
          "ssim": 0.7578417160842992,
          "n": 79,
          "time": 0.0015051214000846766
        }
      },
      "13.0": {
        "baseline": {
          "psnr": 24.334181459644174,
          "ssim": 0.7756587961052037,
          "n": 79,
          "time": 0.0008438297464877744
        },
        "linear": {
          "psnr": 24.262243439879597,
          "ssim": 0.7711392256278026,
          "n": 79,
          "time": 0.0012584819069391565
        },
        "importance_only": {
          "psnr": 24.157124772856506,
          "ssim": 0.7668050633201117,
          "n": 79,
          "time": 0.0015590402144419996
        },
        "snr_only": {
          "psnr": 24.272876280772536,
          "ssim": 0.7693638069720208,
          "n": 79,
          "time": 0.0007471495036837421
        },
        "full": {
          "psnr": 24.28511605081679,
          "ssim": 0.771394089807438,
          "n": 79,
          "time": 0.0015183702299866495
        }
      }
    }
  },
  "channel_context": {
    "1.0": {
      "1.0": {
        "gamma_eff_db": {
          "mean_of_means": -1.53857324093203,
          "mean_of_stds": 5.56353569634353,
          "global_min": -44.93436813354492,
          "global_max": 10.338266372680664
        },
        "gamma_eff_norm": {
          "mean_of_means": 0.44372752346569977,
          "mean_of_stds": 0.12168921011535427,
          "global_min": 0.010016676969826221,
          "global_max": 0.717850923538208
        },
        "h_abs2": {
          "mean_of_means": 0.9965055599997316,
          "mean_of_stds": 0.9732279868065556,
          "global_min": 2.550136559875682e-05,
          "global_max": 8.586706161499023
        },
        "posteq_noise_var": {
          "mean_of_means": 13.02846234961401,
          "mean_of_stds": 105.13789805279502,
          "global_min": 0.09250674396753311,
          "global_max": 31148.45703125
        },
        "eq_quality": {
          "mean_of_means": 1.2545262054552007,
          "mean_of_stds": 1.2252214716959604,
          "global_min": 3.210431896150112e-05,
          "global_max": 10.810022354125977
        },
        "channel_type": "rayleigh",
        "fading_equalize": false
      },
      "4.0": {
        "gamma_eff_db": {
          "mean_of_means": 1.4614266372179683,
          "mean_of_stds": 5.56353567823579,
          "global_min": -41.934364318847656,
          "global_max": 13.338266372680664
        },
        "gamma_eff_norm": {
          "mean_of_means": 0.4437275200704985,
          "mean_of_stds": 0.12168921020966542,
          "global_min": 0.010016676969826221,
          "global_max": 0.717850923538208
        },
        "h_abs2": {
          "mean_of_means": 0.9965055599997316,
          "mean_of_stds": 0.9732279868065556,
          "global_min": 2.550136559875682e-05,
          "global_max": 8.586706161499023
        },
        "posteq_noise_var": {
          "mean_of_means": 6.529698732533032,
          "mean_of_stds": 52.693771707860726,
          "global_min": 0.04636319726705551,
          "global_max": 15611.208984375
        },
        "eq_quality": {
          "mean_of_means": 2.5031089782714844,
          "mean_of_stds": 2.44463834430598,
          "global_min": 6.405654130503535e-05,
          "global_max": 21.568832397460938
        },
        "channel_type": "rayleigh",
        "fading_equalize": false
      },
      "7.0": {
        "gamma_eff_db": {
          "mean_of_means": 4.46142678622958,
          "mean_of_stds": 5.563535702379444,
          "global_min": -38.934364318847656,
          "global_max": 16.338266372680664
        },
        "gamma_eff_norm": {
          "mean_of_means": 0.4437275230884552,
          "mean_of_stds": 0.12168921049259886,
          "global_min": 0.010016676969826221,
          "global_max": 0.717850923538208
        },
        "h_abs2": {
          "mean_of_means": 0.9965055599997316,
          "mean_of_stds": 0.9732279868065556,
          "global_min": 2.550136559875682e-05,
          "global_max": 8.586706161499023
        },
        "posteq_noise_var": {
          "mean_of_means": 3.2726018398622925,