{
  "channel": "Rayleigh",
  "dataset": "cifar10",
  "image_size": 32,
  "rayleigh_equalize": false,
  "baseline_ckpt": "exp_ctx/ckpts_noeq_baseline_Rayleigh/baseline_best.pth",
  "fis_ckpts": {
    "linear": "exp_ctx/ckpts_noeq_linear_Rayleigh/fis_power_best.pth",
    "importance_only": "exp_ctx/ckpts_noeq_importance_only_Rayleigh/fis_power_best.pth",
    "snr_only": "exp_ctx/ckpts_noeq_snr_only_Rayleigh/fis_power_best.pth",
    "full": "exp_ctx/ckpts_noeq_full_Rayleigh/fis_power_best.pth"
  },
  "results": {
    "1.0": {
      "1.0": {
        "baseline": {
          "psnr": 20.413837746728824,
          "ssim": 0.6550596213038964,
          "n": 79,
          "time": 0.006832659999026528
        },
        "linear": {
          "psnr": 20.546773210356506,
          "ssim": 0.6676325948932503,
          "n": 79,
          "time": 0.005810429778280137
        },
        "importance_only": {
          "psnr": 20.569332219377348,
          "ssim": 0.6639293537864203,
          "n": 79,
          "time": 0.0070544405828548385
        },
        "snr_only": {
          "psnr": 20.375791525538965,
          "ssim": 0.6546501019332982,
          "n": 79,
          "time": 0.002639486819882936
        },
        "full": {
          "psnr": 20.562551957142503,
          "ssim": 0.6645730220818822,
          "n": 79,
          "time": 0.006392605697052388
        }
      },
      "4.0": {
        "baseline": {
          "psnr": 21.775309864478775,
          "ssim": 0.7022920077360129,
          "n": 79,
          "time": 0.0024044483522825603
        },
        "linear": {
          "psnr": 22.017107082318656,
          "ssim": 0.7178586117828949,
          "n": 79,
          "time": 0.004546735860124419
        },
        "importance_only": {
          "psnr": 21.998218150078497,
          "ssim": 0.7120256016526041,
          "n": 79,
          "time": 0.007242836529695535
        },
        "snr_only": {
          "psnr": 21.737319101261185,
          "ssim": 0.7019806609878058,
          "n": 79,
          "time": 0.0026913262620756897
        },
        "full": {
          "psnr": 21.99930763244629,
          "ssim": 0.7129747460160074,
          "n": 79,
          "time": 0.007332017150106309
        }
      },
      "7.0": {
        "baseline": {
          "psnr": 22.861563573909713,
          "ssim": 0.7349927168858202,
          "n": 79,
          "time": 0.002611582792257961
        },
        "linear": {
          "psnr": 23.246079698393615,
          "ssim": 0.7534318505963192,
          "n": 79,
          "time": 0.0047830448874944375
        },
        "importance_only": {
          "psnr": 23.17261389237416,
          "ssim": 0.7457203978224646,
          "n": 79,
          "time": 0.007308093807365321
        },
        "snr_only": {
          "psnr": 22.824703820144073,
          "ssim": 0.7348100920266742,
          "n": 79,
          "time": 0.0023949719682524475
        },
        "full": {
          "psnr": 23.187139076522634,
          "ssim": 0.7471327819401705,
          "n": 79,
          "time": 0.006332844118528728
        }
      },
      "10.0": {
        "baseline": {
          "psnr": 23.64618694933155,
          "ssim": 0.7560950902443898,
          "n": 79,
          "time": 0.0027706351461289805
        },
        "linear": {
          "psnr": 24.170588915861106,
          "ssim": 0.7768716781954222,
          "n": 79,
          "time": 0.005258324780041659
        },
        "importance_only": {
          "psnr": 24.040526039992706,
          "ssim": 0.7677042024045051,
          "n": 79,
          "time": 0.006957500795774822
        },
        "snr_only": {
          "psnr": 23.617056230955487,
          "ssim": 0.7560143734835372,
          "n": 79,
          "time": 0.002533695365809187
        },
        "full": {
          "psnr": 24.079003659984732,
          "ssim": 0.7695783708668962,
          "n": 79,
          "time": 0.007371217389649983
        }
      },
      "13.0": {
        "baseline": {
          "psnr": 24.162698262854466,
          "ssim": 0.7689419456675083,
          "n": 79,
          "time": 0.0027550262740895716
        },
        "linear": {
          "psnr": 24.803405061552795,
          "ssim": 0.791390165497985,
          "n": 79,
          "time": 0.0056229452543620825
        },
        "importance_only": {
          "psnr": 24.6239718425123,
          "ssim": 0.7812127508694613,
          "n": 79,
          "time": 0.008405809161029284
        },
        "snr_only": {
          "psnr": 24.144501336013214,
          "ssim": 0.7689116242565687,
          "n": 79,
          "time": 0.0028638085232505317
        },
        "full": {
          "psnr": 24.679466996011854,
          "ssim": 0.7834059128278419,
          "n": 79,
          "time": 0.007964345473277418
        }
      }
    }
  },
  "channel_context": {
    "1.0": {
      "1.0": {
        "gamma_eff_db": {
          "mean_of_means": -1.53857324093203,
          "mean_of_stds": 5.56353569634353,
          "global_min": -44.93436813354492,
          "global_max": 10.338266372680664
        },
        "gamma_eff_norm": {
          "mean_of_means": 0.38779581724842893,
          "mean_of_stds": 0.14867725742014148,
          "global_min": 0.0,
          "global_max": 0.7239504456520081
        },
        "channel_rel": {
          "mean_of_means": 0.36002705746059177,
          "mean_of_stds": 0.14670191742951358,
          "global_min": 0.0,
          "global_max": 0.6953790187835693
        },
        "h_abs2": {
          "mean_of_means": 0.9965055599997316,
          "mean_of_stds": 0.9732279868065556,
          "global_min": 2.550136559875682e-05,
          "global_max": 8.586706161499023
        },
        "noise_var": {
          "mean_of_means": 0.7943282127380371,
          "mean_of_stds": 0.0,
          "global_min": 0.7943282127380371,
          "global_max": 0.7943282127380371
        },
        "rx_noise_var": {
          "mean_of_means": 0.7943282127380371,
          "mean_of_stds": 0.0,
          "global_min": 0.7943282127380371,
          "global_max": 0.7943282127380371
        },
        "channel_type": "rayleigh",
        "fading_equalize": false
      },
      "4.0": {
        "gamma_eff_db": {
          "mean_of_means": 1.4614266372179683,
          "mean_of_stds": 5.56353567823579,
          "global_min": -41.934364318847656,
          "global_max": 13.338266372680664
        },
        "gamma_eff_norm": {
          "mean_of_means": 0.471988478416129,
          "mean_of_stds": 0.15281995848009858,
          "global_min": 0.0,
          "global_max": 0.809664785861969
        },
        "channel_rel": {
          "mean_of_means": 0.36002705746059177,
          "mean_of_stds": 0.14670191742951358,
          "global_min": 0.0,
          "global_max": 0.6953790187835693
        },
        "h_abs2": {
          "mean_of_means": 0.9965055599997316,
          "mean_of_stds": 0.9732279868065556,
          "global_min": 2.550136559875682e-05,
          "global_max": 8.586706161499023
        },
        "noise_var": {
          "mean_of_means": 0.3981071412563324,
          "mean_of_stds": 0.0,
          "global_min": 0.3981071412563324,
          "global_max": 0.3981071412563324
        },
        "rx_noise_var": {
          "mean_of_means": 0.3981071412563324,
          "mean_of_stds": 0.0,
          "global_min": 0.3981071412563324,
          "global_max": 0.3981071412563324
        },
        "channel_type": "rayleigh",
        "fading_equalize": false
      },
      "7.0": {
        "gamma_eff_db": {
          "mean_of_means": 4.46142678622958,
          "mean_of_stds": 5.563535702379444,
          "global_min": -38.934364318847656,
          "global_max": 16.338266372680664
        },
        "gamma_eff_norm": {
          "mean_of_means": 0.5569672116750404,
          "mean_of_stds": 0.15513938589941098,
          "global_min": 0.0,
          "global_max": 0.8953790664672852
        },