{
  "channel": "Rayleigh",
  "dataset": "cifar10",
  "image_size": 32,
  "rayleigh_equalize": false,
  "baseline_ckpt": "exp_ctx/ckpts_noeq_baseline_Rayleigh/baseline_best.pth",
  "fis_ckpts": {
    "linear": "exp_ctx/ckpts_noeq_linear_Rayleigh/fis_power_best.pth",
    "importance_only": "exp_ctx/ckpts_noeq_importance_only_Rayleigh/fis_power_best.pth",
    "snr_only": "exp_ctx/ckpts_noeq_baseline_Rayleigh/baseline_best.pth",
    "full": "exp_ctx/ckpts_noeq_full_Rayleigh/fis_power_best.pth"
  },
  "results": {
    "1.0": {
      "1.0": {
        "baseline": {
          "psnr": 20.411386441580856,
          "ssim": 0.6596748232841492,
          "n": 79,
          "time": 0.012396773205527777
        },
        "linear": {
          "psnr": 20.557719798027716,
          "ssim": 0.67206210803382,
          "n": 79,
          "time": 0.01512723934801319
        },
        "importance_only": {
          "psnr": 20.46153360680689,
          "ssim": 0.6678329012061976,
          "n": 79,
          "time": 0.02268853368638437
        },
        "snr_only": {
          "psnr": 20.389034681682347,
          "ssim": 0.6593226239651064,
          "n": 79,
          "time": 0.012038116213641589
        },
        "full": {
          "psnr": 20.520432774024673,
          "ssim": 0.6691211816630785,
          "n": 79,
          "time": 0.0246064180060278
        }
      },
      "4.0": {
        "baseline": {
          "psnr": 21.865715944314307,
          "ssim": 0.7108107058307792,
          "n": 79,
          "time": 0.003151582766182815
        },
        "linear": {
          "psnr": 22.025508035587357,
          "ssim": 0.722574878342544,
          "n": 79,
          "time": 0.011409554300428946
        },
        "importance_only": {
          "psnr": 21.93527448630031,
          "ssim": 0.7190932344786728,
          "n": 79,
          "time": 0.01899084863783438
        },
        "snr_only": {
          "psnr": 21.84184260307988,
          "ssim": 0.7105147008654438,
          "n": 79,
          "time": 0.00830529913117614
        },
        "full": {
          "psnr": 21.97714957708045,
          "ssim": 0.7197279017182845,
          "n": 79,
          "time": 0.015861037411267244
        }
      },
      "7.0": {
        "baseline": {
          "psnr": 23.046391112894952,
          "ssim": 0.7464931418624106,
          "n": 79,
          "time": 0.003955647915224486
        },
        "linear": {
          "psnr": 23.28164453144315,
          "ssim": 0.7595291447035873,
          "n": 79,
          "time": 0.011319332484957537
        },
        "importance_only": {
          "psnr": 23.194157540043697,
          "ssim": 0.756590502926066,
          "n": 79,
          "time": 0.016228470621229726
        },
        "snr_only": {
          "psnr": 23.02192977712124,
          "ssim": 0.7463227442548245,
          "n": 79,
          "time": 0.007916468608228467
        },
        "full": {
          "psnr": 23.22832228262213,
          "ssim": 0.7568099325216269,
          "n": 79,
          "time": 0.016094123260884344
        }
      },
      "10.0": {
        "baseline": {
          "psnr": 23.91527064842514,
          "ssim": 0.7696363533599467,
          "n": 79,
          "time": 0.004254389412795441
        },
        "linear": {
          "psnr": 24.26067299178884,
          "ssim": 0.7848144656495203,
          "n": 79,
          "time": 0.013556724862207341
        },
        "importance_only": {
          "psnr": 24.16975064820881,
          "ssim": 0.7821397517300859,
          "n": 79,
          "time": 0.022470857523664643
        },
        "snr_only": {
          "psnr": 23.897930483274823,
          "ssim": 0.7695241540293151,
          "n": 79,
          "time": 0.011617829528035997
        },
        "full": {
          "psnr": 24.208368711833714,
          "ssim": 0.7823390402371371,
          "n": 79,
          "time": 0.024854430669470677
        }
      },
      "13.0": {
        "baseline": {
          "psnr": 24.501082432420947,
          "ssim": 0.7837328805199152,
          "n": 79,
          "time": 0.004733559451525724
        },
        "linear": {
          "psnr": 24.94547626640223,
          "ssim": 0.8010377257685118,
          "n": 79,
          "time": 0.014969182919852341
        },
        "importance_only": {
          "psnr": 24.84223404413537,
          "ssim": 0.7984608147717729,
          "n": 79,
          "time": 0.02614582943010934
        },
        "snr_only": {
          "psnr": 24.49125282673896,
          "ssim": 0.7836813391009464,
          "n": 79,
          "time": 0.01295912114879753
        },
        "full": {
          "psnr": 24.90183475349523,
          "ssim": 0.7989287006704113,
          "n": 79,
          "time": 0.028692861146564726
        }
      }
    }
  },
  "channel_context": {
    "1.0": {
      "1.0": {
        "gamma_eff_db": {
          "mean_of_means": -1.53857324093203,
          "mean_of_stds": 5.56353569634353,
          "global_min": -44.93436813354492,
          "global_max": 10.338266372680664
        },
        "gamma_eff_norm": {
          "mean_of_means": 0.0,
          "mean_of_stds": 0.0,
          "global_min": 0.0,
          "global_max": 0.0
        },
        "h_abs2": {
          "mean_of_means": 0.9965055599997316,
          "mean_of_stds": 0.9732279868065556,
          "global_min": 2.550136559875682e-05,
          "global_max": 8.586706161499023
        },
        "posteq_noise_var": {
          "mean_of_means": 13.02846234961401,
          "mean_of_stds": 105.13789805279502,
          "global_min": 0.09250674396753311,
          "global_max": 31148.45703125
        },
        "eq_quality": {
          "mean_of_means": 1.2545262054552007,
          "mean_of_stds": 1.2252214716959604,
          "global_min": 3.210431896150112e-05,
          "global_max": 10.810022354125977
        },
        "channel_type": "rayleigh",
        "fading_equalize": false
      },
      "4.0": {
        "gamma_eff_db": {
          "mean_of_means": 1.4614266372179683,
          "mean_of_stds": 5.56353567823579,
          "global_min": -41.934364318847656,
          "global_max": 13.338266372680664
        },
        "gamma_eff_norm": {
          "mean_of_means": 0.0,
          "mean_of_stds": 0.0,
          "global_min": 0.0,
          "global_max": 0.0
        },
        "h_abs2": {
          "mean_of_means": 0.9965055599997316,
          "mean_of_stds": 0.9732279868065556,
          "global_min": 2.550136559875682e-05,
          "global_max": 8.586706161499023
        },
        "posteq_noise_var": {
          "mean_of_means": 6.529698732533032,
          "mean_of_stds": 52.693771707860726,
          "global_min": 0.04636319726705551,
          "global_max": 15611.208984375
        },
        "eq_quality": {
          "mean_of_means": 2.5031089782714844,
          "mean_of_stds": 2.44463834430598,
          "global_min": 6.405654130503535e-05,
          "global_max": 21.568832397460938
        },
        "channel_type": "rayleigh",
        "fading_equalize": false
      },
      "7.0": {
        "gamma_eff_db": {
          "mean_of_means": 4.46142678622958,
          "mean_of_stds": 5.563535702379444,
          "global_min": -38.934364318847656,
          "global_max": 16.338266372680664
        },
        "gamma_eff_norm": {
          "mean_of_means": 0.0,
          "mean_of_stds": 0.0,
          "global_min": 0.0,
          "global_max": 0.0
        },
        "h_abs2": {
          "mean_of_means": 0.9965055599997316,
          "mean_of_stds": 0.9732279868065556,
          "global_min": 2.550136559875682e-05,
          "global_max": 8.586706161499023
        },
        "posteq_noise_var": {
          "mean_of_means": 3.2726018398622925,
          "mean_of_stds": 26.409448041946074,
          "global_min": 0.02323664352297783,
          "global_max": 7824.13916015625
        },
        "eq_quality": {
          "mean_of_means": 4.994358602958389,