{
  "channel": "Rayleigh",
  "dataset": "cifar10",
  "image_size": 32,
  "rayleigh_equalize": false,
  "baseline_ckpt": "exp_ctx/ckpts_noeq_baseline_Rayleigh/baseline_best.pth",
  "fis_ckpts": {
    "linear": "exp_ctx/ckpts_noeq_linear_Rayleigh/fis_power_best.pth",
    "importance_only": "exp_ctx/ckpts_noeq_importance_only_Rayleigh/fis_power_best.pth",
    "snr_only": "exp_ctx/ckpts_noeq_baseline_Rayleigh/baseline_best.pth",
    "full": "exp_ctx/ckpts_noeq_full_Rayleigh/fis_power_best.pth"
  },
  "results": {
    "1.0": {
      "1.0": {
        "baseline": {
          "psnr": 20.436424424376668,
          "ssim": 0.6600490506691269,
          "n": 79,
          "time": 0.010573541061787666
        },
        "linear": {
          "psnr": 20.576807287674917,
          "ssim": 0.6655859607684461,
          "n": 79,
          "time": 0.0146412276014497
        },
        "importance_only": {
          "psnr": 20.596208717249617,
          "ssim": 0.6655926764765873,
          "n": 79,
          "time": 0.02784072900120216
        },
        "snr_only": {
          "psnr": 20.396642419356333,
          "ssim": 0.6596210214156139,
          "n": 79,
          "time": 0.015266228325759308
        },
        "full": {
          "psnr": 20.5764203856263,
          "ssim": 0.6655234611487086,
          "n": 79,
          "time": 0.03148971931843818
        }
      },
      "4.0": {
        "baseline": {
          "psnr": 21.76788235917876,
          "ssim": 0.7062975636011437,
          "n": 79,
          "time": 0.004734166060821919
        },
        "linear": {
          "psnr": 22.000639227372183,
          "ssim": 0.7130939620959608,
          "n": 79,
          "time": 0.015778767911693716
        },
        "importance_only": {
          "psnr": 22.01943016052246,
          "ssim": 0.7131023180635669,
          "n": 79,
          "time": 0.026450682289992707
        },
        "snr_only": {
          "psnr": 21.730823202978208,
          "ssim": 0.7059145056748692,
          "n": 79,
          "time": 0.013023026381866842
        },
        "full": {
          "psnr": 21.996459864362887,
          "ssim": 0.7129811372938035,
          "n": 79,
          "time": 0.02683862553367132
        }
      },
      "7.0": {
        "baseline": {
          "psnr": 22.825309391263165,
          "ssim": 0.7383753212192391,
          "n": 79,
          "time": 0.005283898945096173
        },
        "linear": {
          "psnr": 23.175011574467526,
          "ssim": 0.7466685153261016,
          "n": 79,
          "time": 0.015551603293117089
        },
        "importance_only": {
          "psnr": 23.18555037582977,
          "ssim": 0.7466653321362748,
          "n": 79,
          "time": 0.026672414586513857
        },
        "snr_only": {
          "psnr": 22.792430322381513,
          "ssim": 0.738113864313198,
          "n": 79,
          "time": 0.012811244288577309
        },
        "full": {
          "psnr": 23.16847294191771,
          "ssim": 0.7465612443187569,
          "n": 79,
          "time": 0.028888883469979976
        }
      },
      "10.0": {
        "baseline": {
          "psnr": 23.59031785892535,
          "ssim": 0.7591589628895626,
          "n": 79,
          "time": 0.003716028189357323
        },
        "linear": {
          "psnr": 24.052487216418303,
          "ssim": 0.7688172980199887,
          "n": 79,
          "time": 0.01254494884346105
        },
        "importance_only": {
          "psnr": 24.059620314006565,
          "ssim": 0.7688138386871242,
          "n": 79,
          "time": 0.026960098290745214
        },
        "snr_only": {
          "psnr": 23.5671609323236,
          "ssim": 0.7589884807791891,
          "n": 79,
          "time": 0.01503971256787264
        },
        "full": {
          "psnr": 24.05017751379858,
          "ssim": 0.7687542793116992,
          "n": 79,
          "time": 0.02925454815731773
        }
      },
      "13.0": {
        "baseline": {
          "psnr": 24.09710768204701,
          "ssim": 0.7718545205985443,
          "n": 79,
          "time": 0.0038816657247422617
        },
        "linear": {
          "psnr": 24.64936299867268,
          "ssim": 0.7825301659258106,
          "n": 79,
          "time": 0.014619057691549952
        },
        "importance_only": {
          "psnr": 24.652636226219467,
          "ssim": 0.7825203251235092,
          "n": 79,
          "time": 0.024581580222407473
        },
        "snr_only": {
          "psnr": 24.085766900943803,
          "ssim": 0.7717659880843344,
          "n": 79,
          "time": 0.012703648096398462
        },
        "full": {
          "psnr": 24.649629979193964,
          "ssim": 0.7825215896473655,
          "n": 79,
          "time": 0.02511784396594084
        }
      }
    }
  },
  "channel_context": {
    "1.0": {
      "1.0": {
        "gamma_eff_db": {
          "mean_of_means": -1.53857324093203,
          "mean_of_stds": 5.56353569634353,
          "global_min": -44.93436813354492,
          "global_max": 10.338266372680664
        },
        "gamma_eff_norm": {
          "mean_of_means": 0.38779581724842893,
          "mean_of_stds": 0.14867725742014148,
          "global_min": 0.0,
          "global_max": 0.7239504456520081
        },
        "h_abs2": {
          "mean_of_means": 0.9965055599997316,
          "mean_of_stds": 0.9732279868065556,
          "global_min": 2.550136559875682e-05,
          "global_max": 8.586706161499023
        },
        "posteq_noise_var": {
          "mean_of_means": 13.02846234961401,
          "mean_of_stds": 105.13789805279502,
          "global_min": 0.09250674396753311,
          "global_max": 31148.45703125
        },
        "eq_quality": {
          "mean_of_means": 1.2545262054552007,
          "mean_of_stds": 1.2252214716959604,
          "global_min": 3.210431896150112e-05,
          "global_max": 10.810022354125977
        },
        "channel_type": "rayleigh",
        "fading_equalize": false
      },
      "4.0": {
        "gamma_eff_db": {
          "mean_of_means": 1.4614266372179683,
          "mean_of_stds": 5.56353567823579,
          "global_min": -41.934364318847656,
          "global_max": 13.338266372680664
        },
        "gamma_eff_norm": {
          "mean_of_means": 0.471988478416129,
          "mean_of_stds": 0.15281995848009858,
          "global_min": 0.0,
          "global_max": 0.809664785861969
        },
        "h_abs2": {
          "mean_of_means": 0.9965055599997316,
          "mean_of_stds": 0.9732279868065556,
          "global_min": 2.550136559875682e-05,
          "global_max": 8.586706161499023
        },
        "posteq_noise_var": {
          "mean_of_means": 6.529698732533032,
          "mean_of_stds": 52.693771707860726,
          "global_min": 0.04636319726705551,
          "global_max": 15611.208984375
        },
        "eq_quality": {
          "mean_of_means": 2.5031089782714844,
          "mean_of_stds": 2.44463834430598,
          "global_min": 6.405654130503535e-05,
          "global_max": 21.568832397460938
        },
        "channel_type": "rayleigh",
        "fading_equalize": false
      },
      "7.0": {
        "gamma_eff_db": {
          "mean_of_means": 4.46142678622958,
          "mean_of_stds": 5.563535702379444,
          "global_min": -38.934364318847656,
          "global_max": 16.338266372680664
        },
        "gamma_eff_norm": {
          "mean_of_means": 0.5569672116750404,
          "mean_of_stds": 0.15513938589941098,
          "global_min": 0.0,
          "global_max": 0.8953790664672852
        },
        "h_abs2": {
          "mean_of_means": 0.9965055599997316,
          "mean_of_stds": 0.9732279868065556,
          "global_min": 2.550136559875682e-05,
          "global_max": 8.586706161499023
        },
        "posteq_noise_var": {
          "mean_of_means": 3.2726018398622925,
          "mean_of_stds": 26.409448041946074,
          "global_min": 0.02323664352297783,