{
  "channel": "Rayleigh",
  "dataset": "cifar10",
  "image_size": 32,
  "rayleigh_equalize": false,
  "baseline_ckpt": "exp_ctx/ckpts_noeq_baseline_Rayleigh/baseline_best.pth",
  "fis_ckpts": {
    "linear": "exp_ctx/ckpts_noeq_linear_Rayleigh/fis_power_best.pth",
    "importance_only": "exp_ctx/ckpts_noeq_importance_only_Rayleigh/fis_power_best.pth",
    "snr_only": "exp_ctx/ckpts_noeq_baseline_Rayleigh/baseline_best.pth",
    "full": "exp_ctx/ckpts_noeq_full_Rayleigh/fis_power_best.pth"
  },
  "results": {
    "1.0": {
      "1.0": {
        "baseline": {
          "psnr": 20.370149539995797,
          "ssim": 0.6594129355647896,
          "n": 79,
          "time": 0.005561560015135174
        },
        "linear": {
          "psnr": 20.5578292894967,
          "ssim": 0.6670964684667466,
          "n": 79,
          "time": 0.004504599148714089
        },
        "importance_only": {
          "psnr": 20.570187580736377,
          "ssim": 0.6671576929997795,
          "n": 79,
          "time": 0.005035847048216228
        },
        "snr_only": {
          "psnr": 20.338196983820275,
          "ssim": 0.658725116826311,
          "n": 79,
          "time": 0.002782058112228973
        },
        "full": {
          "psnr": 20.57992853092242,
          "ssim": 0.667230993132048,
          "n": 79,
          "time": 0.0042498111724853516
        }
      },
      "4.0": {
        "baseline": {
          "psnr": 21.742706564408316,
          "ssim": 0.7078248420848122,
          "n": 79,
          "time": 0.001337313953834244
        },
        "linear": {
          "psnr": 22.011591585376596,
          "ssim": 0.7156342396253272,
          "n": 79,
          "time": 0.0033521139169041115
        },
        "importance_only": {
          "psnr": 22.020630534691147,
          "ssim": 0.7156731222249284,
          "n": 79,
          "time": 0.0037541359285765056
        },
        "snr_only": {
          "psnr": 21.709233899659747,
          "ssim": 0.7073556788360016,
          "n": 79,
          "time": 0.0016956057729600352
        },
        "full": {
          "psnr": 22.023870516426957,
          "ssim": 0.7156754981113386,
          "n": 79,
          "time": 0.0035275266140322144
        }
      },
      "7.0": {
        "baseline": {
          "psnr": 22.829623041273674,
          "ssim": 0.7413639592219002,
          "n": 79,
          "time": 0.0016005733345128314
        },
        "linear": {
          "psnr": 23.208857693249666,
          "ssim": 0.7496852369248113,
          "n": 79,
          "time": 0.004161789447446412
        },
        "importance_only": {
          "psnr": 23.21296305596074,
          "ssim": 0.7496692553351197,
          "n": 79,
          "time": 0.006102220921576778
        },
        "snr_only": {
          "psnr": 22.797706748865828,
          "ssim": 0.7410296986374674,
          "n": 79,
          "time": 0.0026506713674038273
        },
        "full": {
          "psnr": 23.20783974852743,
          "ssim": 0.7496173925037626,
          "n": 79,
          "time": 0.0054459602017945885
        }
      },
      "10.0": {
        "baseline": {
          "psnr": 23.60676379143437,
          "ssim": 0.7629204460337192,
          "n": 79,
          "time": 0.001558856119083453
        },
        "linear": {
          "psnr": 24.08945407143122,
          "ssim": 0.7718145070196707,
          "n": 79,
          "time": 0.004488691498961629
        },
        "importance_only": {
          "psnr": 24.09619715243955,
          "ssim": 0.7718069764632213,
          "n": 79,
          "time": 0.005233311954932877
        },
        "snr_only": {
          "psnr": 23.582780862156348,
          "ssim": 0.7626878106141393,
          "n": 79,
          "time": 0.002613284919835344
        },
        "full": {
          "psnr": 24.086644788331622,
          "ssim": 0.7717146420780616,
          "n": 79,
          "time": 0.0051633587366417995
        }
      },
      "13.0": {
        "baseline": {
          "psnr": 24.11392337461061,
          "ssim": 0.7759107932259764,
          "n": 79,
          "time": 0.0013693797437450553
        },
        "linear": {
          "psnr": 24.679729534100883,
          "ssim": 0.7853282244899605,
          "n": 79,
          "time": 0.0036602201341073724
        },
        "importance_only": {
          "psnr": 24.68716252001026,
          "ssim": 0.7853492694565013,
          "n": 79,
          "time": 0.004211827169490766
        },
        "snr_only": {
          "psnr": 24.099460939817792,
          "ssim": 0.7757803850536105,
          "n": 79,
          "time": 0.0023791548572009123
        },
        "full": {
          "psnr": 24.68182549295546,
          "ssim": 0.7852695403219778,
          "n": 79,
          "time": 0.0052036786381202405
        }
      }
    }
  },
  "channel_context": {
    "1.0": {
      "1.0": {
        "gamma_eff_db": {
          "mean_of_means": -1.53857324093203,
          "mean_of_stds": 5.56353569634353,
          "global_min": -44.93436813354492,
          "global_max": 10.338266372680664
        },
        "gamma_eff_norm": {
          "mean_of_means": 0.38779581724842893,
          "mean_of_stds": 0.14867725742014148,
          "global_min": 0.0,
          "global_max": 0.7239504456520081
        },
        "h_abs2": {
          "mean_of_means": 0.9965055599997316,
          "mean_of_stds": 0.9732279868065556,
          "global_min": 2.550136559875682e-05,
          "global_max": 8.586706161499023
        },
        "posteq_noise_var": {
          "mean_of_means": 13.02846234961401,
          "mean_of_stds": 105.13789805279502,
          "global_min": 0.09250674396753311,
          "global_max": 31148.45703125
        },
        "eq_quality": {
          "mean_of_means": 1.2545262054552007,
          "mean_of_stds": 1.2252214716959604,
          "global_min": 3.210431896150112e-05,
          "global_max": 10.810022354125977
        },
        "channel_type": "rayleigh",
        "fading_equalize": false
      },
      "4.0": {
        "gamma_eff_db": {
          "mean_of_means": 1.4614266372179683,
          "mean_of_stds": 5.56353567823579,
          "global_min": -41.934364318847656,
          "global_max": 13.338266372680664
        },
        "gamma_eff_norm": {
          "mean_of_means": 0.471988478416129,
          "mean_of_stds": 0.15281995848009858,
          "global_min": 0.0,
          "global_max": 0.809664785861969
        },
        "h_abs2": {
          "mean_of_means": 0.9965055599997316,
          "mean_of_stds": 0.9732279868065556,
          "global_min": 2.550136559875682e-05,
          "global_max": 8.586706161499023
        },
        "posteq_noise_var": {
          "mean_of_means": 6.529698732533032,
          "mean_of_stds": 52.693771707860726,
          "global_min": 0.04636319726705551,
          "global_max": 15611.208984375
        },
        "eq_quality": {
          "mean_of_means": 2.5031089782714844,
          "mean_of_stds": 2.44463834430598,
          "global_min": 6.405654130503535e-05,
          "global_max": 21.568832397460938
        },
        "channel_type": "rayleigh",
        "fading_equalize": false
      },
      "7.0": {
        "gamma_eff_db": {
          "mean_of_means": 4.46142678622958,
          "mean_of_stds": 5.563535702379444,
          "global_min": -38.934364318847656,
          "global_max": 16.338266372680664
        },
        "gamma_eff_norm": {
          "mean_of_means": 0.5569672116750404,
          "mean_of_stds": 0.15513938589941098,
          "global_min": 0.0,
          "global_max": 0.8953790664672852
        },
        "h_abs2": {
          "mean_of_means": 0.9965055599997316,
          "mean_of_stds": 0.9732279868065556,
          "global_min": 2.550136559875682e-05,
          "global_max": 8.586706161499023
        },
        "posteq_noise_var": {
          "mean_of_means": 3.2726018398622925,
          "mean_of_stds": 26.409448041946074,