{
  "channel": "Rayleigh",
  "dataset": "cifar10",
  "image_size": 32,
  "rayleigh_equalize": true,
  "baseline_ckpt": "/media/data/students/nguyenquangkhai/project1/JSCC_FIS/Deep-JSCC-PyTorch/ckpts_baseline/rayleigh_eq/baseline_best.pth",
  "fis_ckpts": {
    "full": "/media/data/students/nguyenquangkhai/project1/JSCC_FIS/Deep-JSCC-PyTorch/ckpts_fis_power/rayleigh_eq/ckpts_full_Rayleigh/fis_power_best.pth"
  },
  "results": {
    "1.0": {
      "1.0": {
        "baseline": {
          "psnr": 19.17201737512516,
          "ssim": 0.6264019910293289,
          "n": 79,
          "time": 0.004427393780478948
        },
        "full": {
          "psnr": 20.943274896356122,
          "ssim": 0.6811114708079568,
          "n": 79,
          "time": 0.0037418196472940564
        }
      },
      "4.0": {
        "baseline": {
          "psnr": 20.603215784966192,
          "ssim": 0.6776818286014509,
          "n": 79,
          "time": 0.0008694099474556838
        },
        "full": {
          "psnr": 22.31590609007244,
          "ssim": 0.7254766852040834,
          "n": 79,
          "time": 0.0015865851052199737
        }
      },
      "7.0": {
        "baseline": {
          "psnr": 21.83270451992373,
          "ssim": 0.7158543897580497,
          "n": 79,
          "time": 0.0008848437780066381
        },
        "full": {
          "psnr": 23.52068200896058,
          "ssim": 0.7592050312440607,
          "n": 79,
          "time": 0.0016161972963357274
        }
      },
      "10.0": {
        "baseline": {
          "psnr": 22.799698189844058,
          "ssim": 0.7425405119038835,
          "n": 79,
          "time": 0.0008455409279352502
        },
        "full": {
          "psnr": 24.493536357638202,
          "ssim": 0.7832257581662528,
          "n": 79,
          "time": 0.0015961640997778012
        }
      },
      "13.0": {
        "baseline": {
          "psnr": 23.493433650535874,
          "ssim": 0.7601885305175299,
          "n": 79,
          "time": 0.0008572355101380167
        },
        "full": {
          "psnr": 25.218690968766996,
          "ssim": 0.7994939767861668,
          "n": 79,
          "time": 0.0015790945366968082
        }
      }
    }
  },
  "channel_context": {
    "1.0": {
      "1.0": {
        "gamma_eff_db": {
          "mean_of_means": -1.53857324093203,
          "mean_of_stds": 5.56353569634353,
          "global_min": -44.93436813354492,
          "global_max": 10.338266372680664
        },
        "gamma_eff_norm": {
          "mean_of_means": 0.38779581724842893,
          "mean_of_stds": 0.14867725742014148,
          "global_min": 0.0,
          "global_max": 0.7239504456520081
        },
        "channel_rel": {
          "mean_of_means": 0.41172206628171704,
          "mean_of_stds": 0.17920563568042802,
          "global_min": 1.2841315765399486e-05,
          "global_max": 0.800500750541687
        },
        "h_abs2": {
          "mean_of_means": 0.9965055599997316,
          "mean_of_stds": 0.9732279868065556,
          "global_min": 2.550136559875682e-05,
          "global_max": 8.586706161499023
        },
        "noise_var": {
          "mean_of_means": 0.7943282127380371,
          "mean_of_stds": 0.0,
          "global_min": 0.7943282127380371,
          "global_max": 0.7943282127380371
        },
        "posteq_noise_var": {
          "mean_of_means": 13.02846234961401,
          "mean_of_stds": 105.13789805279502,
          "global_min": 0.09250674396753311,
          "global_max": 31148.45703125
        },
        "eq_quality": {
          "mean_of_means": 1.2545262054552007,
          "mean_of_stds": 1.2252214716959604,
          "global_min": 3.210431896150112e-05,
          "global_max": 10.810022354125977
        },
        "channel_type": "rayleigh",
        "fading_equalize": true
      },
      "4.0": {
        "gamma_eff_db": {
          "mean_of_means": 1.4614266372179683,
          "mean_of_stds": 5.56353567823579,
          "global_min": -41.934364318847656,
          "global_max": 13.338266372680664
        },
        "gamma_eff_norm": {
          "mean_of_means": 0.471988478416129,
          "mean_of_stds": 0.15281995848009858,
          "global_min": 0.0,
          "global_max": 0.809664785861969
        },
        "channel_rel": {
          "mean_of_means": 0.5154683208918269,
          "mean_of_stds": 0.18629649262639542,
          "global_min": 2.562097506597638e-05,
          "global_max": 0.8680753707885742
        },
        "h_abs2": {
          "mean_of_means": 0.9965055599997316,
          "mean_of_stds": 0.9732279868065556,
          "global_min": 2.550136559875682e-05,
          "global_max": 8.586706161499023
        },
        "noise_var": {
          "mean_of_means": 0.3981071412563324,
          "mean_of_stds": 0.0,
          "global_min": 0.3981071412563324,
          "global_max": 0.3981071412563324
        },
        "posteq_noise_var": {
          "mean_of_means": 6.529698732533032,
          "mean_of_stds": 52.693771707860726,
          "global_min": 0.04636319726705551,
          "global_max": 15611.208984375
        },
        "eq_quality": {
          "mean_of_means": 2.5031089782714844,
          "mean_of_stds": 2.44463834430598,
          "global_min": 6.405654130503535e-05,
          "global_max": 21.568832397460938
        },
        "channel_type": "rayleigh",
        "fading_equalize": true
      },
      "7.0": {
        "gamma_eff_db": {
          "mean_of_means": 4.46142678622958,
          "mean_of_stds": 5.563535702379444,
          "global_min": -38.934364318847656,
          "global_max": 16.338266372680664
        },
        "gamma_eff_norm": {
          "mean_of_means": 0.5569672116750404,
          "mean_of_stds": 0.15513938589941098,
          "global_min": 0.0,
          "global_max": 0.8953790664672852
        },
        "channel_rel": {
          "mean_of_means": 0.6143387646614751,
          "mean_of_stds": 0.18275406390805787,
          "global_min": 5.1117305702064186e-05,
          "global_max": 0.9281438589096069
        },
        "h_abs2": {
          "mean_of_means": 0.9965055599997316,
          "mean_of_stds": 0.9732279868065556,
          "global_min": 2.550136559875682e-05,
          "global_max": 8.586706161499023
        },
        "noise_var": {
          "mean_of_means": 0.19952623546123505,
          "mean_of_stds": 0.0,
          "global_min": 0.19952623546123505,
          "global_max": 0.19952623546123505
        },
        "posteq_noise_var": {
          "mean_of_means": 3.2726018398622925,
          "mean_of_stds": 26.409448041946074,
          "global_min": 0.02323664352297783,
          "global_max": 7824.13916015625
        },
        "eq_quality": {
          "mean_of_means": 4.994358602958389,
          "mean_of_stds": 4.877694280841682,
          "global_min": 0.00012780958786606789,
          "global_max": 43.03547668457031
        },
        "channel_type": "rayleigh",
        "fading_equalize": true
      },
      "10.0": {
        "gamma_eff_db": {
          "mean_of_means": 7.4614269220376315,
          "mean_of_stds": 5.5635357144512705,
          "global_min": -35.93436813354492,
          "global_max": 19.338266372680664
        },
        "gamma_eff_norm": {
          "mean_of_means": 0.6422780208949801,
          "mean_of_stds": 0.15657585859298706,
          "global_min": 0.0,
          "global_max": 0.9810932874679565
        },
        "channel_rel": {
          "mean_of_means": 0.7042358977885186,
          "mean_of_stds": 0.17163917460019076,
          "global_min": 0.0001019794653984718,
          "global_max": 0.9840512275695801
        },
        "h_abs2": {
          "mean_of_means": 0.9965055599997316,
          "mean_of_stds": 0.9732279868065556,
          "global_min": 2.550136559875682e-05,
          "global_max": 8.586706161499023
        },
        "noise_var": {
          "mean_of_means": 0.09999999403953552,
          "mean_of_stds": 0.0,