{
  "A_std": 0.05068958597257733,
  "A_range": 0.17862534523010254,
  "I_A_corr": 0.9998272433876991,
  "channel_rel_mean": 0.5532116368412971,
  "delta_mean": 0.0,
  "score_abs_mean": 0.0
}