{
  "A_std": 0.050688030663877726,
  "A_range": 0.17819991894066334,
  "I_A_corr": 0.9998203814029694,
  "channel_rel_mean": 0.44999758154153824,
  "delta_mean": 0.0,
  "score_abs_mean": 0.0
}