{
  "A_std": 0.010339840897358954,
  "A_range": 0.0365213337354362,
  "I_A_corr": -0.9999842494726181,
  "channel_rel_mean": 0.5503450036048889,
  "delta_mean": 0.0,
  "score_abs_mean": 0.0
}