{
  "A_std": 0.009921210119500756,
  "A_range": 0.03526949882507324,
  "I_A_corr": -0.9999850988388062,
  "channel_rel_mean": 0.5598815754055977,
  "delta_mean": 0.0,
  "score_abs_mean": 0.0
}