{
  "A_std": 0.010521832504309714,
  "A_range": 0.03758259257301688,
  "I_A_corr": -0.9999827221035957,
  "channel_rel_mean": 0.36518899351358414,
  "delta_mean": 0.0,
  "score_abs_mean": 0.0
}