{
  "A_std": 0.1177850216627121,
  "A_range": 0.4069550037384033,
  "I_A_corr": 0.9972314536571503,
  "channel_rel_mean": 0.3639874719083309,
  "delta_mean": 0.0,
  "score_abs_mean": 0.0
}