{
  "channel": "AWGN",
  "dataset": "cifar10",
  "image_size": 32,
  "rayleigh_equalize": false,
  "baseline_ckpt": "exp_ctx/ckpts_awgn_baseline_AWGN/baseline_best.pth",
  "fis_ckpts": {
    "linear": "exp_ctx/ckpts_awgn_linear_AWGN/fis_power_best.pth",
    "importance_only": "exp_ctx/ckpts_awgn_importance_only_AWGN/fis_power_best.pth",
    "snr_only": "exp_ctx/ckpts_awgn_baseline_AWGN/baseline_best.pth",
    "full": "exp_ctx/ckpts_awgn_full_AWGN/fis_power_best.pth"
  },
  "results": {
    "1.0": {
      "1.0": {
        "baseline": {
          "psnr": 23.98614482638202,
          "ssim": 0.770281351819823,
          "n": 79,
          "time": 0.005720992631550076
        },
        "linear": {
          "psnr": 24.277744751942308,
          "ssim": 0.7811077961438819,
          "n": 79,
          "time": 0.0052859239940401875
        },
        "importance_only": {
          "psnr": 24.268934105016008,
          "ssim": 0.7810945050625862,
          "n": 79,
          "time": 0.00570868540413772
        },
        "snr_only": {
          "psnr": 23.981308635277085,
          "ssim": 0.770356990114043,
          "n": 79,
          "time": 0.0022669472271883034
        },
        "full": {
          "psnr": 24.278193534175053,
          "ssim": 0.7811180632325667,
          "n": 79,
          "time": 0.004538858993143975
        }
      },
      "4.0": {
        "baseline": {
          "psnr": 25.988352739358252,
          "ssim": 0.8313658486438703,
          "n": 79,
          "time": 0.0014111271387414086
        },
        "linear": {
          "psnr": 26.24341088307055,
          "ssim": 0.8387897218329997,
          "n": 79,
          "time": 0.0036819916737230516
        },
        "importance_only": {
          "psnr": 26.23671792428705,
          "ssim": 0.83871614857565,
          "n": 79,
          "time": 0.005405643318272844
        },
        "snr_only": {
          "psnr": 25.983327600020395,
          "ssim": 0.8314149545717843,
          "n": 79,
          "time": 0.0022989979273156276
        },
        "full": {
          "psnr": 26.24393803560281,
          "ssim": 0.8387651360487636,
          "n": 79,
          "time": 0.00457652007477193
        }
      },
      "7.0": {
        "baseline": {
          "psnr": 27.480805988553204,
          "ssim": 0.8683987108966972,
          "n": 79,
          "time": 0.0014333875873420812
        },
        "linear": {
          "psnr": 27.71857034707371,
          "ssim": 0.8736885710607601,
          "n": 79,
          "time": 0.0038138099863559384
        },
        "importance_only": {
          "psnr": 27.715914979765685,
          "ssim": 0.8736123744445511,
          "n": 79,
          "time": 0.00441424756110469
        },
        "snr_only": {
          "psnr": 27.476029432272608,
          "ssim": 0.8684208264833764,
          "n": 79,
          "time": 0.0020839896383164805
        },
        "full": {
          "psnr": 27.71965053413488,
          "ssim": 0.8736361084105093,
          "n": 79,
          "time": 0.004270761827879314
        }
      },
      "10.0": {
        "baseline": {
          "psnr": 28.471482023408143,
          "ssim": 0.889088204389886,
          "n": 79,
          "time": 0.0012567194202278234
        },
        "linear": {
          "psnr": 28.703992867771582,
          "ssim": 0.8931971041462089,
          "n": 79,
          "time": 0.0038600571547882465
        },
        "importance_only": {
          "psnr": 28.704187393188477,
          "ssim": 0.8931479514399662,
          "n": 79,
          "time": 0.0046515253525746016
        },
        "snr_only": {
          "psnr": 28.467623867566072,
          "ssim": 0.8890938140168975,
          "n": 79,
          "time": 0.0019224142726463607
        },
        "full": {
          "psnr": 28.705970474436313,
          "ssim": 0.8931033151059211,
          "n": 79,
          "time": 0.004784270177913617
        }
      },
      "13.0": {
        "baseline": {
          "psnr": 29.06510232370111,
          "ssim": 0.9000851542134828,
          "n": 79,
          "time": 0.0014302428764632986
        },
        "linear": {
          "psnr": 29.29786329631564,
          "ssim": 0.903574214705938,
          "n": 79,
          "time": 0.003979109510590759
        },
        "importance_only": {
          "psnr": 29.298699946343145,
          "ssim": 0.9035670674299892,
          "n": 79,
          "time": 0.005592705328253251
        },
        "snr_only": {
          "psnr": 29.06236221216902,
          "ssim": 0.900084678885303,
          "n": 79,
          "time": 0.0018960946722875668
        },
        "full": {
          "psnr": 29.29924047445949,
          "ssim": 0.9034645248063004,
          "n": 79,
          "time": 0.004563588130323193
        }
      }
    }
  },
  "channel_context": {
    "1.0": {
      "1.0": {
        "gamma_eff_db": {
          "mean_of_means": 1.0000001192092896,
          "mean_of_stds": 0.0,
          "global_min": 1.0000001192092896,
          "global_max": 1.0000001192092896
        },
        "gamma_eff_norm": {
          "mean_of_means": 0.4571428596973419,
          "mean_of_stds": 0.0,
          "global_min": 0.4571428596973419,
          "global_max": 0.4571428596973419
        },
        "h_abs2": {
          "mean_of_means": 1.0,
          "mean_of_stds": 0.0,
          "global_min": 1.0,
          "global_max": 1.0
        },
        "posteq_noise_var": {
          "mean_of_means": 0.7943282127380371,
          "mean_of_stds": 0.0,
          "global_min": 0.7943282127380371,
          "global_max": 0.7943282127380371
        },
        "eq_quality": {
          "mean_of_means": 1.258925437927246,
          "mean_of_stds": 0.0,
          "global_min": 1.258925437927246,
          "global_max": 1.258925437927246
        },
        "channel_type": "awgn",
        "fading_equalize": false
      },
      "4.0": {
        "gamma_eff_db": {
          "mean_of_means": 3.999999761581421,
          "mean_of_stds": 0.0,
          "global_min": 3.999999761581421,
          "global_max": 3.999999761581421
        },
        "gamma_eff_norm": {
          "mean_of_means": 0.5428571701049805,
          "mean_of_stds": 0.0,
          "global_min": 0.5428571701049805,
          "global_max": 0.5428571701049805
        },
        "h_abs2": {
          "mean_of_means": 1.0,
          "mean_of_stds": 0.0,
          "global_min": 1.0,
          "global_max": 1.0
        },
        "posteq_noise_var": {
          "mean_of_means": 0.3981071412563324,
          "mean_of_stds": 0.0,
          "global_min": 0.3981071412563324,
          "global_max": 0.3981071412563324
        },
        "eq_quality": {
          "mean_of_means": 2.5118865966796875,
          "mean_of_stds": 0.0,
          "global_min": 2.5118865966796875,
          "global_max": 2.5118865966796875
        },
        "channel_type": "awgn",
        "fading_equalize": false
      },
      "7.0": {
        "gamma_eff_db": {
          "mean_of_means": 7.000000476837158,
          "mean_of_stds": 0.0,
          "global_min": 7.000000476837158,
          "global_max": 7.000000476837158
        },
        "gamma_eff_norm": {
          "mean_of_means": 0.6285714507102966,
          "mean_of_stds": 0.0,
          "global_min": 0.6285714507102966,
          "global_max": 0.6285714507102966
        },
        "h_abs2": {
          "mean_of_means": 1.0,
          "mean_of_stds": 0.0,
          "global_min": 1.0,
          "global_max": 1.0
        },
        "posteq_noise_var": {
          "mean_of_means": 0.19952623546123505,
          "mean_of_stds": 0.0,
          "global_min": 0.19952623546123505,
          "global_max": 0.19952623546123505
        },
        "eq_quality": {
          "mean_of_means": 5.011872291564941,
          "mean_of_stds": 0.0,
          "global_min": 5.011872291564941,
          "global_max": 5.011872291564941
        },
        "channel_type": "awgn",
        "fading_equalize": false
      },