{
  "channel": "AWGN",
  "dataset": "cifar10",
  "image_size": 32,
  "rayleigh_equalize": false,
  "baseline_ckpt": "exp_ctx/ckpts_awgn_baseline_AWGN/baseline_best.pth",
  "fis_ckpts": {
    "linear": "exp_ctx/ckpts_awgn_linear_AWGN/fis_power_best.pth",
    "importance_only": "exp_ctx/ckpts_awgn_importance_only_AWGN/fis_power_best.pth",
    "snr_only": "exp_ctx/ckpts_awgn_baseline_AWGN/baseline_best.pth",
    "full": "exp_ctx/ckpts_awgn_full_AWGN/fis_power_best.pth"
  },
  "results": {
    "1.0": {
      "1.0": {
        "baseline": {
          "psnr": 22.28374176991137,
          "ssim": 0.7555194474473784,
          "n": 79,
          "time": 0.01298978358884401
        },
        "linear": {
          "psnr": 24.381461541863935,
          "ssim": 0.7877903920185717,
          "n": 79,
          "time": 0.018062751504439343
        },
        "importance_only": {
          "psnr": 24.190851549559003,
          "ssim": 0.7797225600556482,
          "n": 79,
          "time": 0.025678532033026974
        },
        "snr_only": {
          "psnr": 22.292096343221544,
          "ssim": 0.7554105286356769,
          "n": 79,
          "time": 0.01147385186786893
        },
        "full": {
          "psnr": 24.388006113752535,
          "ssim": 0.7874544730669335,
          "n": 79,
          "time": 0.02561465094361124
        }
      },
      "4.0": {
        "baseline": {
          "psnr": 23.09647306611266,
          "ssim": 0.7996244400362426,
          "n": 79,
          "time": 0.005029267902615704
        },
        "linear": {
          "psnr": 26.37794615347174,
          "ssim": 0.8452756827390646,
          "n": 79,
          "time": 0.015532363819170602
        },
        "importance_only": {
          "psnr": 26.03896167610265,
          "ssim": 0.8353779255589352,
          "n": 79,
          "time": 0.02422149875496007
        },
        "snr_only": {
          "psnr": 23.10552048984962,
          "ssim": 0.7995897350431997,
          "n": 79,
          "time": 0.011465962929061697
        },
        "full": {
          "psnr": 26.345809115639216,
          "ssim": 0.8433750120899345,
          "n": 79,
          "time": 0.02383157573168791
        }
      },
      "7.0": {
        "baseline": {
          "psnr": 23.564865088161035,
          "ssim": 0.8250625005251244,
          "n": 79,
          "time": 0.004269117041479183
        },
        "linear": {
          "psnr": 27.96825078167493,
          "ssim": 0.8814606892911694,
          "n": 79,
          "time": 0.0161152036884163
        },
        "importance_only": {
          "psnr": 27.47652512562426,
          "ssim": 0.8709070765519444,
          "n": 79,
          "time": 0.028702883780757082
        },
        "snr_only": {
          "psnr": 23.572659069978737,
          "ssim": 0.825066011917742,
          "n": 79,
          "time": 0.013621773900864999
        },
        "full": {
          "psnr": 27.889868941488146,
          "ssim": 0.8784835195239586,
          "n": 79,
          "time": 0.028237333780602565
        }
      },
      "10.0": {
        "baseline": {
          "psnr": 23.818503198744377,
          "ssim": 0.8388645211352578,
          "n": 79,
          "time": 0.005192328102980988
        },
        "linear": {
          "psnr": 29.100814264031904,
          "ssim": 0.9024644003638739,
          "n": 79,
          "time": 0.017189547985414916
        },
        "importance_only": {
          "psnr": 28.476119560531423,
          "ssim": 0.8918389700636079,
          "n": 79,
          "time": 0.029251801816723013
        },
        "snr_only": {
          "psnr": 23.82457006430324,
          "ssim": 0.8388767483868177,
          "n": 79,
          "time": 0.011959652357463595
        },
        "full": {
          "psnr": 28.973849212067037,
          "ssim": 0.8988357970986185,
          "n": 79,
          "time": 0.025655390341070634
        }
      },
      "13.0": {
        "baseline": {
          "psnr": 23.951048911372318,
          "ssim": 0.846086522446403,
          "n": 79,
          "time": 0.004505338548104974
        },
        "linear": {
          "psnr": 29.821734271472014,
          "ssim": 0.9140106688571882,
          "n": 79,
          "time": 0.014420747756958008
        },
        "importance_only": {
          "psnr": 29.097385985941827,
          "ssim": 0.9034641362443755,
          "n": 79,
          "time": 0.02443570124952099
        },
        "snr_only": {
          "psnr": 23.95547379119487,
          "ssim": 0.846098321902601,
          "n": 79,
          "time": 0.012908700146252595
        },
        "full": {
          "psnr": 29.6537081078638,
          "ssim": 0.9099983203260205,
          "n": 79,
          "time": 0.02948020983345901
        }
      }
    }
  },
  "channel_context": {
    "1.0": {
      "1.0": {
        "gamma_eff_db": {
          "mean_of_means": 1.0000001192092896,
          "mean_of_stds": 0.0,
          "global_min": 1.0000001192092896,
          "global_max": 1.0000001192092896
        },
        "gamma_eff_norm": {
          "mean_of_means": 0.0,
          "mean_of_stds": 0.0,
          "global_min": 0.0,
          "global_max": 0.0
        },
        "h_abs2": {
          "mean_of_means": 1.0,
          "mean_of_stds": 0.0,
          "global_min": 1.0,
          "global_max": 1.0
        },
        "posteq_noise_var": {
          "mean_of_means": 0.7943282127380371,
          "mean_of_stds": 0.0,
          "global_min": 0.7943282127380371,
          "global_max": 0.7943282127380371
        },
        "eq_quality": {
          "mean_of_means": 1.258925437927246,
          "mean_of_stds": 0.0,
          "global_min": 1.258925437927246,
          "global_max": 1.258925437927246
        },
        "channel_type": "awgn",
        "fading_equalize": false
      },
      "4.0": {
        "gamma_eff_db": {
          "mean_of_means": 3.999999761581421,
          "mean_of_stds": 0.0,
          "global_min": 3.999999761581421,
          "global_max": 3.999999761581421
        },
        "gamma_eff_norm": {
          "mean_of_means": 0.0,
          "mean_of_stds": 0.0,
          "global_min": 0.0,
          "global_max": 0.0
        },
        "h_abs2": {
          "mean_of_means": 1.0,
          "mean_of_stds": 0.0,
          "global_min": 1.0,
          "global_max": 1.0
        },
        "posteq_noise_var": {
          "mean_of_means": 0.3981071412563324,
          "mean_of_stds": 0.0,
          "global_min": 0.3981071412563324,
          "global_max": 0.3981071412563324
        },
        "eq_quality": {
          "mean_of_means": 2.5118865966796875,
          "mean_of_stds": 0.0,
          "global_min": 2.5118865966796875,
          "global_max": 2.5118865966796875
        },
        "channel_type": "awgn",
        "fading_equalize": false
      },
      "7.0": {
        "gamma_eff_db": {
          "mean_of_means": 7.000000476837158,
          "mean_of_stds": 0.0,
          "global_min": 7.000000476837158,
          "global_max": 7.000000476837158
        },
        "gamma_eff_norm": {
          "mean_of_means": 0.0,
          "mean_of_stds": 0.0,
          "global_min": 0.0,
          "global_max": 0.0
        },
        "h_abs2": {
          "mean_of_means": 1.0,
          "mean_of_stds": 0.0,
          "global_min": 1.0,
          "global_max": 1.0
        },
        "posteq_noise_var": {
          "mean_of_means": 0.19952623546123505,
          "mean_of_stds": 0.0,
          "global_min": 0.19952623546123505,
          "global_max": 0.19952623546123505
        },
        "eq_quality": {
          "mean_of_means": 5.011872291564941,
          "mean_of_stds": 0.0,
          "global_min": 5.011872291564941,
          "global_max": 5.011872291564941
        },
        "channel_type": "awgn",
        "fading_equalize": false
      },
      "10.0": {
        "gamma_eff_db": {
          "mean_of_means": 10.0,
          "mean_of_stds": 0.0,
          "global_min": 10.0,