{
  "channel": "AWGN",
  "dataset": "cifar10",
  "image_size": 32,
  "rayleigh_equalize": false,
  "baseline_ckpt": "exp_ctx/ckpts_awgn_baseline_AWGN/baseline_best.pth",
  "fis_ckpts": {
    "linear": "exp_ctx/ckpts_awgn_linear_AWGN/fis_power_best.pth",
    "importance_only": "exp_ctx/ckpts_awgn_importance_only_AWGN/fis_power_best.pth",
    "snr_only": "exp_ctx/ckpts_awgn_baseline_AWGN/baseline_best.pth",
    "full": "exp_ctx/ckpts_awgn_full_AWGN/fis_power_best.pth"
  },
  "results": {
    "1.0": {
      "1.0": {
        "baseline": {
          "psnr": 23.993201605881318,
          "ssim": 0.7706970270675949,
          "n": 79,
          "time": 0.011632858952389488
        },
        "linear": {
          "psnr": 24.356838588473163,
          "ssim": 0.7852233738838872,
          "n": 79,
          "time": 0.020257907577707797
        },
        "importance_only": {
          "psnr": 24.360788707491718,
          "ssim": 0.7853781437572045,
          "n": 79,
          "time": 0.03292976150029822
        },
        "snr_only": {
          "psnr": 23.997178379493423,
          "ssim": 0.7708717509161068,
          "n": 79,
          "time": 0.015685069410106802
        },
        "full": {
          "psnr": 24.356358974794798,
          "ssim": 0.7851377808595006,
          "n": 79,
          "time": 0.027968998196758802
        }
      },
      "4.0": {
        "baseline": {
          "psnr": 26.110276017007948,
          "ssim": 0.8353265063672126,
          "n": 79,
          "time": 0.005014150957517986
        },
        "linear": {
          "psnr": 26.40529630153994,
          "ssim": 0.8443551825571664,
          "n": 79,
          "time": 0.016601064537144914
        },
        "importance_only": {
          "psnr": 26.402521833588807,
          "ssim": 0.8441441602344755,
          "n": 79,
          "time": 0.026530923722665523
        },
        "snr_only": {
          "psnr": 26.113041068934187,
          "ssim": 0.8354182582867297,
          "n": 79,
          "time": 0.011822902703587013
        },
        "full": {
          "psnr": 26.39868844913531,
          "ssim": 0.8440824965887432,
          "n": 79,
          "time": 0.024599362023269074
        }
      },
      "7.0": {
        "baseline": {
          "psnr": 27.739596741108954,
          "ssim": 0.8748366093333764,
          "n": 79,
          "time": 0.003726464283617237
        },
        "linear": {
          "psnr": 27.990725601775736,
          "ssim": 0.8804024578649786,
          "n": 79,
          "time": 0.015290951427025131
        },
        "importance_only": {
          "psnr": 27.982978724226168,
          "ssim": 0.8799934741816943,
          "n": 79,
          "time": 0.019020732445052906
        },
        "snr_only": {
          "psnr": 27.741308429573156,
          "ssim": 0.8748679938195627,
          "n": 79,
          "time": 0.008028129988078829
        },
        "full": {
          "psnr": 27.978012616121315,
          "ssim": 0.8799996557115,
          "n": 79,
          "time": 0.018831645386128484
        }
      },
      "10.0": {
        "baseline": {
          "psnr": 28.85564125640483,
          "ssim": 0.8969781195061116,
          "n": 79,
          "time": 0.003815916520130785
        },
        "linear": {
          "psnr": 29.082316096824936,
          "ssim": 0.9006446532056301,
          "n": 79,
          "time": 0.012934727004811734
        },
        "importance_only": {
          "psnr": 29.069491905502126,
          "ssim": 0.9001694978037967,
          "n": 79,
          "time": 0.01956078372424162
        },
        "snr_only": {
          "psnr": 28.856917031203643,
          "ssim": 0.8969798661485503,
          "n": 79,
          "time": 0.008359389969065219
        },
        "full": {
          "psnr": 29.06485277489771,
          "ssim": 0.9001118714296366,
          "n": 79,
          "time": 0.01838401903080035
        }
      },
      "13.0": {
        "baseline": {
          "psnr": 29.54197951208187,
          "ssim": 0.9087544566468347,
          "n": 79,
          "time": 0.003983416134798074
        },
        "linear": {
          "psnr": 29.756310547454447,
          "ssim": 0.9114391147335873,
          "n": 79,
          "time": 0.013033990618548815
        },
        "importance_only": {
          "psnr": 29.737876167780236,
          "ssim": 0.9109677830828896,
          "n": 79,
          "time": 0.02381286741812018
        },
        "snr_only": {
          "psnr": 29.54314603684824,
          "ssim": 0.9087522799455667,
          "n": 79,
          "time": 0.013949430441554589
        },
        "full": {
          "psnr": 29.73361237441437,
          "ssim": 0.910832392264016,
          "n": 79,
          "time": 0.027894355073759827
        }
      }
    }
  },
  "channel_context": {
    "1.0": {
      "1.0": {
        "gamma_eff_db": {
          "mean_of_means": 1.0000001192092896,
          "mean_of_stds": 0.0,
          "global_min": 1.0000001192092896,
          "global_max": 1.0000001192092896
        },
        "gamma_eff_norm": {
          "mean_of_means": 0.4571428596973419,
          "mean_of_stds": 0.0,
          "global_min": 0.4571428596973419,
          "global_max": 0.4571428596973419
        },
        "h_abs2": {
          "mean_of_means": 1.0,
          "mean_of_stds": 0.0,
          "global_min": 1.0,
          "global_max": 1.0
        },
        "posteq_noise_var": {
          "mean_of_means": 0.7943282127380371,
          "mean_of_stds": 0.0,
          "global_min": 0.7943282127380371,
          "global_max": 0.7943282127380371
        },
        "eq_quality": {
          "mean_of_means": 1.258925437927246,
          "mean_of_stds": 0.0,
          "global_min": 1.258925437927246,
          "global_max": 1.258925437927246
        },
        "channel_type": "awgn",
        "fading_equalize": false
      },
      "4.0": {
        "gamma_eff_db": {
          "mean_of_means": 3.999999761581421,
          "mean_of_stds": 0.0,
          "global_min": 3.999999761581421,
          "global_max": 3.999999761581421
        },
        "gamma_eff_norm": {
          "mean_of_means": 0.5428571701049805,
          "mean_of_stds": 0.0,
          "global_min": 0.5428571701049805,
          "global_max": 0.5428571701049805
        },
        "h_abs2": {
          "mean_of_means": 1.0,
          "mean_of_stds": 0.0,
          "global_min": 1.0,
          "global_max": 1.0
        },
        "posteq_noise_var": {
          "mean_of_means": 0.3981071412563324,
          "mean_of_stds": 0.0,
          "global_min": 0.3981071412563324,
          "global_max": 0.3981071412563324
        },
        "eq_quality": {
          "mean_of_means": 2.5118865966796875,
          "mean_of_stds": 0.0,
          "global_min": 2.5118865966796875,
          "global_max": 2.5118865966796875
        },
        "channel_type": "awgn",
        "fading_equalize": false
      },
      "7.0": {
        "gamma_eff_db": {
          "mean_of_means": 7.000000476837158,
          "mean_of_stds": 0.0,
          "global_min": 7.000000476837158,
          "global_max": 7.000000476837158
        },
        "gamma_eff_norm": {
          "mean_of_means": 0.6285714507102966,
          "mean_of_stds": 0.0,
          "global_min": 0.6285714507102966,
          "global_max": 0.6285714507102966
        },
        "h_abs2": {
          "mean_of_means": 1.0,
          "mean_of_stds": 0.0,
          "global_min": 1.0,
          "global_max": 1.0
        },
        "posteq_noise_var": {
          "mean_of_means": 0.19952623546123505,
          "mean_of_stds": 0.0,
          "global_min": 0.19952623546123505,
          "global_max": 0.19952623546123505
        },
        "eq_quality": {
          "mean_of_means": 5.011872291564941,
          "mean_of_stds": 0.0,
          "global_min": 5.011872291564941,
          "global_max": 5.011872291564941
        },
        "channel_type": "awgn",
        "fading_equalize": false
      },