{
  "channel": "AWGN",
  "dataset": "cifar10",
  "image_size": 32,
  "rayleigh_equalize": false,
  "baseline_ckpt": "exp_ctx/ckpts_awgn_baseline_AWGN/baseline_best.pth",
  "fis_ckpts": {
    "linear": "exp_ctx/ckpts_awgn_linear_AWGN/fis_power_best.pth",
    "importance_only": "exp_ctx/ckpts_awgn_importance_only_AWGN/fis_power_best.pth",
    "snr_only": "exp_ctx/ckpts_awgn_snr_only_AWGN/fis_power_best.pth",
    "full": "exp_ctx/ckpts_awgn_full_AWGN/fis_power_best.pth"
  },
  "results": {
    "1.0": {
      "1.0": {
        "baseline": {
          "psnr": 24.032321302196646,
          "ssim": 0.770147520530073,
          "n": 79,
          "time": 0.007015795647343503
        },
        "linear": {
          "psnr": 24.212959192976168,
          "ssim": 0.7780753683440292,
          "n": 79,
          "time": 0.0060642912418027465
        },
        "importance_only": {
          "psnr": 24.192309608942345,
          "ssim": 0.7778540955314154,
          "n": 79,
          "time": 0.007634576362899587
        },
        "snr_only": {
          "psnr": 24.040507063080994,
          "ssim": 0.7701545418063297,
          "n": 79,
          "time": 0.0025721290443516984
        },
        "full": {
          "psnr": 24.188969068889378,
          "ssim": 0.7762817325471323,
          "n": 79,
          "time": 0.006659097309353985
        }
      },
      "4.0": {
        "baseline": {
          "psnr": 26.00553080401843,
          "ssim": 0.8306885520114174,
          "n": 79,
          "time": 0.002908314330668389
        },
        "linear": {
          "psnr": 26.20643842673,
          "ssim": 0.8370837297620652,
          "n": 79,
          "time": 0.005632792847065986
        },
        "importance_only": {
          "psnr": 26.192556332938278,
          "ssim": 0.8368807525574407,
          "n": 79,
          "time": 0.007215023040771484
        },
        "snr_only": {
          "psnr": 26.01301883745797,
          "ssim": 0.830730564232114,
          "n": 79,
          "time": 0.0022463164752042747
        },
        "full": {
          "psnr": 26.192718723152257,
          "ssim": 0.8358597483816026,
          "n": 79,
          "time": 0.007729937758626817
        }
      },
      "7.0": {
        "baseline": {
          "psnr": 27.467736908152133,
          "ssim": 0.8674732710741744,
          "n": 79,
          "time": 0.00236064271081852
        },
        "linear": {
          "psnr": 27.713571355312684,
          "ssim": 0.8730626574045495,
          "n": 79,
          "time": 0.004705866680869573
        },
        "importance_only": {
          "psnr": 27.70880047279068,
          "ssim": 0.872943315324904,
          "n": 79,
          "time": 0.007199127462845814
        },
        "snr_only": {
          "psnr": 27.474236910856224,
          "ssim": 0.8675223573853698,
          "n": 79,
          "time": 0.0023179356055923655
        },
        "full": {
          "psnr": 27.709135876426213,
          "ssim": 0.8723451208464706,
          "n": 79,
          "time": 0.006999942320811597
        }
      },
      "10.0": {
        "baseline": {
          "psnr": 28.43331452864635,
          "ssim": 0.8881017701535285,
          "n": 79,
          "time": 0.002316022221046158
        },
        "linear": {
          "psnr": 28.727839288832268,
          "ssim": 0.8932944573933566,
          "n": 79,
          "time": 0.0050467690335044375
        },
        "importance_only": {
          "psnr": 28.730646568008616,
          "ssim": 0.8932925749428665,
          "n": 79,
          "time": 0.006973094578030743
        },
        "snr_only": {
          "psnr": 28.438507949249654,
          "ssim": 0.888142769849753,
          "n": 79,
          "time": 0.00257932385311851
        },
        "full": {
          "psnr": 28.729944615424433,
          "ssim": 0.8929245977462092,
          "n": 79,
          "time": 0.0067509397675719444
        }
      },
      "13.0": {
        "baseline": {
          "psnr": 29.009781970253474,
          "ssim": 0.8991054507750499,
          "n": 79,
          "time": 0.0024157324923744683
        },
        "linear": {
          "psnr": 29.342877520790584,
          "ssim": 0.904100364522089,
          "n": 79,
          "time": 0.00521342362029643
        },
        "importance_only": {
          "psnr": 29.350029450428636,
          "ssim": 0.9042024574702299,
          "n": 79,
          "time": 0.007635514947432506
        },
        "snr_only": {
          "psnr": 29.01369884346105,
          "ssim": 0.8991368624228465,
          "n": 79,
          "time": 0.0026794898359081415
        },
        "full": {
          "psnr": 29.348460112945943,
          "ssim": 0.9039446975611434,
          "n": 79,
          "time": 0.0071619220926791806
        }
      }
    }
  },
  "channel_context": {
    "1.0": {
      "1.0": {
        "gamma_eff_db": {
          "mean_of_means": 1.0000001192092896,
          "mean_of_stds": 0.0,
          "global_min": 1.0000001192092896,
          "global_max": 1.0000001192092896
        },
        "gamma_eff_norm": {
          "mean_of_means": 0.4571428596973419,
          "mean_of_stds": 0.0,
          "global_min": 0.4571428596973419,
          "global_max": 0.4571428596973419
        },
        "channel_rel": {
          "mean_of_means": 1.0,
          "mean_of_stds": 0.0,
          "global_min": 1.0,
          "global_max": 1.0
        },
        "h_abs2": {
          "mean_of_means": 1.0,
          "mean_of_stds": 0.0,
          "global_min": 1.0,
          "global_max": 1.0
        },
        "noise_var": {
          "mean_of_means": 0.7943282127380371,
          "mean_of_stds": 0.0,
          "global_min": 0.7943282127380371,
          "global_max": 0.7943282127380371
        },
        "rx_noise_var": {
          "mean_of_means": 0.7943282127380371,
          "mean_of_stds": 0.0,
          "global_min": 0.7943282127380371,
          "global_max": 0.7943282127380371
        },
        "channel_type": "awgn",
        "fading_equalize": false
      },
      "4.0": {
        "gamma_eff_db": {
          "mean_of_means": 3.999999761581421,
          "mean_of_stds": 0.0,
          "global_min": 3.999999761581421,
          "global_max": 3.999999761581421
        },
        "gamma_eff_norm": {
          "mean_of_means": 0.5428571701049805,
          "mean_of_stds": 0.0,
          "global_min": 0.5428571701049805,
          "global_max": 0.5428571701049805
        },
        "channel_rel": {
          "mean_of_means": 1.0,
          "mean_of_stds": 0.0,
          "global_min": 1.0,
          "global_max": 1.0
        },
        "h_abs2": {
          "mean_of_means": 1.0,
          "mean_of_stds": 0.0,
          "global_min": 1.0,
          "global_max": 1.0
        },
        "noise_var": {
          "mean_of_means": 0.3981071412563324,
          "mean_of_stds": 0.0,
          "global_min": 0.3981071412563324,
          "global_max": 0.3981071412563324
        },
        "rx_noise_var": {
          "mean_of_means": 0.3981071412563324,
          "mean_of_stds": 0.0,
          "global_min": 0.3981071412563324,
          "global_max": 0.3981071412563324
        },
        "channel_type": "awgn",
        "fading_equalize": false
      },
      "7.0": {
        "gamma_eff_db": {
          "mean_of_means": 7.000000476837158,
          "mean_of_stds": 0.0,
          "global_min": 7.000000476837158,
          "global_max": 7.000000476837158
        },
        "gamma_eff_norm": {
          "mean_of_means": 0.6285714507102966,
          "mean_of_stds": 0.0,
          "global_min": 0.6285714507102966,
          "global_max": 0.6285714507102966
        },
        "channel_rel": {
          "mean_of_means": 1.0,
          "mean_of_stds": 0.0,
          "global_min": 1.0,
          "global_max": 1.0
        },
        "h_abs2": {
          "mean_of_means": 1.0,
          "mean_of_stds": 0.0,
          "global_min": 1.0,
          "global_max": 1.0
        },