{
  "channel": "AWGN",
  "dataset": "cifar10",
  "image_size": 32,
  "rayleigh_equalize": false,
  "baseline_ckpt": "exp_ctx/ckpts_awgn_baseline_AWGN/baseline_best.pth",
  "fis_ckpts": {
    "linear": "exp_ctx/ckpts_awgn_linear_AWGN/fis_power_best.pth",
    "importance_only": "exp_ctx/ckpts_awgn_importance_only_AWGN/fis_power_best.pth",
    "snr_only": "exp_ctx/ckpts_awgn_baseline_AWGN/baseline_best.pth",
    "full": "exp_ctx/ckpts_awgn_full_AWGN/fis_power_best.pth"
  },
  "results": {
    "1.0": {
      "1.0": {
        "baseline": {
          "psnr": 21.800983066800274,
          "ssim": 0.7548911586592469,
          "n": 79,
          "time": 0.004520380044285255
        },
        "linear": {
          "psnr": 24.558785716189615,
          "ssim": 0.7951248265519927,
          "n": 79,
          "time": 0.0020199395433256897
        },
        "importance_only": {
          "psnr": 24.459086816522138,
          "ssim": 0.790385352659829,
          "n": 79,
          "time": 0.0018342175061189677
        },
        "snr_only": {
          "psnr": 21.805975829498678,
          "ssim": 0.7549086545087114,
          "n": 79,
          "time": 0.0008704601963864097
        },
        "full": {
          "psnr": 24.553387195249147,
          "ssim": 0.7936230347126345,
          "n": 79,
          "time": 0.0018442522121381157
        }
      },
      "4.0": {
        "baseline": {
          "psnr": 22.568062408060968,
          "ssim": 0.797717701030683,
          "n": 79,
          "time": 0.0007322890849053105
        },
        "linear": {
          "psnr": 26.5447148190269,
          "ssim": 0.8503943598723109,
          "n": 79,
          "time": 0.001366038865680936
        },
        "importance_only": {
          "psnr": 26.420680106440678,
          "ssim": 0.8464679476581042,
          "n": 79,
          "time": 0.0017713413962834998
        },
        "snr_only": {
          "psnr": 22.573259812367112,
          "ssim": 0.7977603741838962,
          "n": 79,
          "time": 0.0008374497860292845
        },
        "full": {
          "psnr": 26.53671158416362,
          "ssim": 0.8493476774119124,
          "n": 79,
          "time": 0.0017398973054523709
        }
      },
      "7.0": {
        "baseline": {
          "psnr": 23.020862048185325,
          "ssim": 0.8223278326324269,
          "n": 79,
          "time": 0.0007861294323884988
        },
        "linear": {
          "psnr": 28.133100437212594,
          "ssim": 0.8852955110465424,
          "n": 79,
          "time": 0.0015661475024645842
        },
        "importance_only": {
          "psnr": 27.99273500563223,
          "ssim": 0.8821585404721997,
          "n": 79,
          "time": 0.0021031808249558073
        },
        "snr_only": {
          "psnr": 23.025296175027197,
          "ssim": 0.8223757758925233,
          "n": 79,
          "time": 0.0009756390052505687
        },
        "full": {
          "psnr": 28.124315599851972,
          "ssim": 0.88451161490211,
          "n": 79,
          "time": 0.0020571509494057183
        }
      },
      "10.0": {
        "baseline": {
          "psnr": 23.27026702784285,
          "ssim": 0.8356153059609329,
          "n": 79,
          "time": 0.0007699230049229875
        },
        "linear": {
          "psnr": 29.27443470532381,
          "ssim": 0.9058193949204457,
          "n": 79,
          "time": 0.0014309188987635358
        },
        "importance_only": {
          "psnr": 29.124579176118104,
          "ssim": 0.9032523903665663,
          "n": 79,
          "time": 0.001846944229512275
        },
        "snr_only": {
          "psnr": 23.273719184006318,
          "ssim": 0.8356571069246606,
          "n": 79,
          "time": 0.0008793088454234449
        },
        "full": {
          "psnr": 29.274781335758256,
          "ssim": 0.9053368560875519,
          "n": 79,
          "time": 0.0018323614627500124
        }
      },
      "13.0": {
        "baseline": {
          "psnr": 23.401999630505525,
          "ssim": 0.8425436072711703,
          "n": 79,
          "time": 0.0007514531099343601
        },
        "linear": {
          "psnr": 30.008551513092428,
          "ssim": 0.9172975964184049,
          "n": 79,
          "time": 0.0014181740676300436
        },
        "importance_only": {
          "psnr": 29.849842747555503,
          "ssim": 0.9150447709650933,
          "n": 79,
          "time": 0.0018380020238176176
        },
        "snr_only": {
          "psnr": 23.404513250423385,
          "ssim": 0.8425725804099554,
          "n": 79,
          "time": 0.0008516341825074787
        },
        "full": {
          "psnr": 30.00975632969337,
          "ssim": 0.9169173504732833,
          "n": 79,
          "time": 0.0017987142635297172
        }
      }
    }
  },
  "channel_context": {
    "1.0": {
      "1.0": {
        "gamma_eff_db": {
          "mean_of_means": 1.0000001192092896,
          "mean_of_stds": 0.0,
          "global_min": 1.0000001192092896,
          "global_max": 1.0000001192092896
        },
        "gamma_eff_norm": {
          "mean_of_means": 0.4571428596973419,
          "mean_of_stds": 0.0,
          "global_min": 0.4571428596973419,
          "global_max": 0.4571428596973419
        },
        "h_abs2": {
          "mean_of_means": 1.0,
          "mean_of_stds": 0.0,
          "global_min": 1.0,
          "global_max": 1.0
        },
        "posteq_noise_var": {
          "mean_of_means": 0.7943282127380371,
          "mean_of_stds": 0.0,
          "global_min": 0.7943282127380371,
          "global_max": 0.7943282127380371
        },
        "eq_quality": {
          "mean_of_means": 1.258925437927246,
          "mean_of_stds": 0.0,
          "global_min": 1.258925437927246,
          "global_max": 1.258925437927246
        },
        "channel_type": "awgn",
        "fading_equalize": false
      },
      "4.0": {
        "gamma_eff_db": {
          "mean_of_means": 3.999999761581421,
          "mean_of_stds": 0.0,
          "global_min": 3.999999761581421,
          "global_max": 3.999999761581421
        },
        "gamma_eff_norm": {
          "mean_of_means": 0.5428571701049805,
          "mean_of_stds": 0.0,
          "global_min": 0.5428571701049805,
          "global_max": 0.5428571701049805
        },
        "h_abs2": {
          "mean_of_means": 1.0,
          "mean_of_stds": 0.0,
          "global_min": 1.0,
          "global_max": 1.0
        },
        "posteq_noise_var": {
          "mean_of_means": 0.3981071412563324,
          "mean_of_stds": 0.0,
          "global_min": 0.3981071412563324,
          "global_max": 0.3981071412563324
        },
        "eq_quality": {
          "mean_of_means": 2.5118865966796875,
          "mean_of_stds": 0.0,
          "global_min": 2.5118865966796875,
          "global_max": 2.5118865966796875
        },
        "channel_type": "awgn",
        "fading_equalize": false
      },
      "7.0": {
        "gamma_eff_db": {
          "mean_of_means": 7.000000476837158,
          "mean_of_stds": 0.0,
          "global_min": 7.000000476837158,
          "global_max": 7.000000476837158
        },
        "gamma_eff_norm": {
          "mean_of_means": 0.6285714507102966,
          "mean_of_stds": 0.0,
          "global_min": 0.6285714507102966,
          "global_max": 0.6285714507102966
        },
        "h_abs2": {
          "mean_of_means": 1.0,
          "mean_of_stds": 0.0,
          "global_min": 1.0,
          "global_max": 1.0
        },
        "posteq_noise_var": {
          "mean_of_means": 0.19952623546123505,
          "mean_of_stds": 0.0,
          "global_min": 0.19952623546123505,
          "global_max": 0.19952623546123505
        },
        "eq_quality": {
          "mean_of_means": 5.011872291564941,
          "mean_of_stds": 0.0,
          "global_min": 5.011872291564941,
          "global_max": 5.011872291564941
        },
        "channel_type": "awgn",