{
  "channel": "AWGN",
  "dataset": "cifar10",
  "image_size": 32,
  "rayleigh_equalize": false,
  "baseline_ckpt": "exp_ctx/ckpts_awgn_baseline_AWGN/baseline_best.pth",
  "fis_ckpts": {
    "linear": "exp_ctx/ckpts_awgn_linear_AWGN/fis_power_best.pth",
    "importance_only": "exp_ctx/ckpts_awgn_importance_only_AWGN/fis_power_best.pth",
    "snr_only": "exp_ctx/ckpts_awgn_snr_only_AWGN/fis_power_best.pth",
    "full": "exp_ctx/ckpts_awgn_full_AWGN/fis_power_best.pth"
  },
  "results": {
    "1.0": {
      "1.0": {
        "baseline": {
          "psnr": 24.07940999767448,
          "ssim": 0.7738292760486845,
          "n": 79,
          "time": 0.004358339913283722
        },
        "linear": {
          "psnr": 24.134159112278418,
          "ssim": 0.7837932456897784,
          "n": 79,
          "time": 0.0017223116717761076
        },
        "importance_only": {
          "psnr": 22.912907395181776,
          "ssim": 0.7521370996402789,
          "n": 79,
          "time": 0.001507913010029853
        },
        "snr_only": {
          "psnr": 24.222930642622934,
          "ssim": 0.780324209340011,
          "n": 79,
          "time": 0.0006866213641589201
        },
        "full": {
          "psnr": 23.935764288600488,
          "ssim": 0.7638969459111178,
          "n": 79,
          "time": 0.001458234424832501
        }
      },
      "4.0": {
        "baseline": {
          "psnr": 25.90006021910076,
          "ssim": 0.8294197592554213,
          "n": 79,
          "time": 0.0008154005943974362
        },
        "linear": {
          "psnr": 25.870672781256182,
          "ssim": 0.8375912942463839,
          "n": 79,
          "time": 0.0012554307527179959
        },
        "importance_only": {
          "psnr": 23.967650039286553,
          "ssim": 0.7996096860004377,
          "n": 79,
          "time": 0.001594117925136904
        },
        "snr_only": {
          "psnr": 26.182015286216252,
          "ssim": 0.8385528265675412,
          "n": 79,
          "time": 0.0007449584671213657
        },
        "full": {
          "psnr": 25.79858555371248,
          "ssim": 0.8225631879854806,
          "n": 79,
          "time": 0.001525872870336605
        }
      },
      "7.0": {
        "baseline": {
          "psnr": 27.196006630040422,
          "ssim": 0.8625413918796974,
          "n": 79,
          "time": 0.0007506382616260384
        },
        "linear": {
          "psnr": 27.192473206339002,
          "ssim": 0.8715780015233197,
          "n": 79,
          "time": 0.001159532160698613
        },
        "importance_only": {
          "psnr": 24.627069618128523,
          "ssim": 0.8279248491118226,
          "n": 79,
          "time": 0.0014470649670950974
        },
        "snr_only": {
          "psnr": 27.68068888217588,
          "ssim": 0.8744292372389685,
          "n": 79,
          "time": 0.0006723011596293389
        },
        "full": {
          "psnr": 27.168121313746973,
          "ssim": 0.8589531228512148,
          "n": 79,
          "time": 0.0014143291907974436
        }
      },
      "10.0": {
        "baseline": {
          "psnr": 28.020051014574268,
          "ssim": 0.8808833519114724,
          "n": 79,
          "time": 0.0007691021207012707
        },
        "linear": {
          "psnr": 28.09581751763066,
          "ssim": 0.8914413240891469,
          "n": 79,
          "time": 0.0012042552609986897
        },
        "importance_only": {
          "psnr": 25.01265269895143,
          "ssim": 0.8437649600113495,
          "n": 79,
          "time": 0.0015080307103410551
        },
        "snr_only": {
          "psnr": 28.699432348903223,
          "ssim": 0.8947448413583297,
          "n": 79,
          "time": 0.0006865670409383653
        },
        "full": {
          "psnr": 28.06623405746267,
          "ssim": 0.8797123560422584,
          "n": 79,
          "time": 0.0014639987221247033
        }
      },
      "13.0": {
        "baseline": {
          "psnr": 28.497900443741038,
          "ssim": 0.8905943481228019,
          "n": 79,
          "time": 0.0008181077015550831
        },
        "linear": {
          "psnr": 28.657393853875654,
          "ssim": 0.9024388707136806,
          "n": 79,
          "time": 0.0013640711579141738
        },
        "importance_only": {
          "psnr": 25.22681014145477,
          "ssim": 0.8522659268560289,
          "n": 79,
          "time": 0.0018033920964108238
        },
        "snr_only": {
          "psnr": 29.32139452197884,
          "ssim": 0.9056442281867885,
          "n": 79,
          "time": 0.0007653538184829906
        },
        "full": {
          "psnr": 28.600917405719997,
          "ssim": 0.8909498679487011,
          "n": 79,
          "time": 0.0016597735730907585
        }
      }
    }
  },
  "channel_context": {
    "1.0": {
      "1.0": {
        "gamma_eff_db": {
          "mean_of_means": 1.0000001192092896,
          "mean_of_stds": 0.0,
          "global_min": 1.0000001192092896,
          "global_max": 1.0000001192092896
        },
        "gamma_eff_norm": {
          "mean_of_means": 0.5,
          "mean_of_stds": 0.0,
          "global_min": 0.5,
          "global_max": 0.5
        },
        "h_abs2": {
          "mean_of_means": 1.0,
          "mean_of_stds": 0.0,
          "global_min": 1.0,
          "global_max": 1.0
        },
        "posteq_noise_var": {
          "mean_of_means": 0.7943282127380371,
          "mean_of_stds": 0.0,
          "global_min": 0.7943282127380371,
          "global_max": 0.7943282127380371
        },
        "eq_quality": {
          "mean_of_means": 1.258925437927246,
          "mean_of_stds": 0.0,
          "global_min": 1.258925437927246,
          "global_max": 1.258925437927246
        },
        "channel_type": "awgn",
        "fading_equalize": false
      },
      "4.0": {
        "gamma_eff_db": {
          "mean_of_means": 3.999999761581421,
          "mean_of_stds": 0.0,
          "global_min": 3.999999761581421,
          "global_max": 3.999999761581421
        },
        "gamma_eff_norm": {
          "mean_of_means": 0.5,
          "mean_of_stds": 0.0,
          "global_min": 0.5,
          "global_max": 0.5
        },
        "h_abs2": {
          "mean_of_means": 1.0,
          "mean_of_stds": 0.0,
          "global_min": 1.0,
          "global_max": 1.0
        },
        "posteq_noise_var": {
          "mean_of_means": 0.3981071412563324,
          "mean_of_stds": 0.0,
          "global_min": 0.3981071412563324,
          "global_max": 0.3981071412563324
        },
        "eq_quality": {
          "mean_of_means": 2.5118865966796875,
          "mean_of_stds": 0.0,
          "global_min": 2.5118865966796875,
          "global_max": 2.5118865966796875
        },
        "channel_type": "awgn",
        "fading_equalize": false
      },
      "7.0": {
        "gamma_eff_db": {
          "mean_of_means": 7.000000476837158,
          "mean_of_stds": 0.0,
          "global_min": 7.000000476837158,
          "global_max": 7.000000476837158
        },
        "gamma_eff_norm": {
          "mean_of_means": 0.5,
          "mean_of_stds": 0.0,
          "global_min": 0.5,
          "global_max": 0.5
        },
        "h_abs2": {
          "mean_of_means": 1.0,
          "mean_of_stds": 0.0,
          "global_min": 1.0,
          "global_max": 1.0
        },
        "posteq_noise_var": {
          "mean_of_means": 0.19952623546123505,
          "mean_of_stds": 0.0,
          "global_min": 0.19952623546123505,
          "global_max": 0.19952623546123505
        },
        "eq_quality": {
          "mean_of_means": 5.011872291564941,
          "mean_of_stds": 0.0,
          "global_min": 5.011872291564941,
          "global_max": 5.011872291564941
        },
        "channel_type": "awgn",
        "fading_equalize": false
      },
      "10.0": {
        "gamma_eff_db": {
          "mean_of_means": 10.0,
          "mean_of_stds": 0.0,