{
  "0.0": {
    "budget": 0.0,
    "A_stats": {
      "mean": 1.0,
      "std": 0.0,
      "min": 1.0,
      "max": 1.0,
      "q10": 1.0,
      "q25": 1.0,
      "q50": 1.0,
      "q75": 1.0,
      "q90": 1.0
    },
    "A_fis_stats": {
      "mean": 1.0018024444580078,
      "std": 0.06180843710899353,
      "min": 0.8778023719787598,
      "max": 1.1662102937698364,
      "q10": 0.9214404225349426,
      "q25": 0.9485545754432678,
      "q50": 1.0009756088256836,
      "q75": 1.051396131515503,
      "q90": 1.0876874923706055
    },
    "A_entropy": -282.19314740218636,
    "A_fis_entropy": -361.1529924722708,
    "A_range_max_div_min": 0.9999999900000002,
    "A_std_ratio": 0.0,
    "E_ztx_stats": {
      "mean": 1.0,
      "std": 0.44733762741088867,
      "min": 0.028001796454191208,
      "max": 3.9703400135040283,
      "q10": 0.49062198400497437,
      "q25": 0.69001305103302,
      "q50": 0.9461244344711304,
      "q75": 1.2385162115097046,
      "q90": 1.5608508586883545
    },
    "E_top20_ratio": 0.33517664670944214,
    "corr_A_I": 0.0,
    "score_raw_stats": {
      "mean": 0.18831376731395721,
      "std": 0.13623857498168945,
      "min": -0.03513415530323982,
      "max": 0.41903603076934814,
      "q10": -0.001518099568784237,
      "q25": 0.0630999207496643,
      "q50": 0.1955508291721344,
      "q75": 0.29954957962036133,
      "q90": 0.3797442615032196
    },
    "score_post_stats": {
      "mean": -3.725290298461914e-09,
      "std": 0.2519274353981018,
      "min": -0.5642349720001221,
      "max": 0.6978139877319336,
      "q10": -0.33259618282318115,
      "q25": -0.21016164124011993,
      "q50": 0.0038239210844039917,
      "q75": 0.19913585484027863,
      "q90": 0.34240567684173584
    },
    "score_centering_loss": -0.11568886041641235,
    "rule1_entropy": 2.6987578868865967,
    "rule1_distribution": [
      0.123271,
      0.066108,
      0.150206,
      0.163966,
      0.262085,
      0.103286,
      0.131079
    ],
    "rule2_entropy": 2.4075136184692383,
    "rule2_distribution": [
      0.059756,
      0.177199,
      0.175072,
      0.081763,
      0.306965,
      0.199245
    ],
    "A_spread_ratio": 0.0
  },
  "0.1": {
    "budget": 0.1,
    "A_stats": {
      "mean": 1.0,
      "std": 0.006179346237331629,
      "min": 0.9875021576881409,
      "max": 1.0165984630584717,
      "q10": 0.9919344782829285,
      "q25": 0.9947019219398499,
      "q50": 0.9999246001243591,
      "q75": 1.0049480199813843,
      "q90": 1.0085585117340088
    },
    "A_fis_stats": {
      "mean": 1.0018024444580078,
      "std": 0.06180843710899353,
      "min": 0.8778023719787598,
      "max": 1.1662102937698364,
      "q10": 0.9214404225349426,
      "q25": 0.9485545754432678,
      "q50": 1.0009756088256836,
      "q75": 1.051396131515503,
      "q90": 1.0876874923706055
    },
    "A_entropy": -9287.100659282849,
    "A_fis_entropy": -361.1529924722708,
    "A_range_max_div_min": 1.029464538228254,
    "A_std_ratio": 0.09997575616864986,
    "E_ztx_stats": {
      "mean": 1.0,
      "std": 0.45932096242904663,
      "min": 0.027398034930229187,
      "max": 4.083437919616699,
      "q10": 0.48019731044769287,
      "q25": 0.67945396900177,
      "q50": 0.9401795268058777,
      "q75": 1.2448087930679321,
      "q90": 1.5792629718780518
    },
    "E_top20_ratio": 0.3393930196762085,
    "corr_A_I": 0.923518717288971,
    "score_raw_stats": {
      "mean": 0.18831376731395721,
      "std": 0.13623857498168945,
      "min": -0.03513415530323982,
      "max": 0.41903603076934814,
      "q10": -0.001518099568784237,
      "q25": 0.0630999207496643,
      "q50": 0.1955508291721344,
      "q75": 0.29954957962036133,
      "q90": 0.3797442615032196
    },
    "score_post_stats": {
      "mean": -3.725290298461914e-09,
      "std": 0.2519274353981018,
      "min": -0.5642349720001221,
      "max": 0.6978139877319336,
      "q10": -0.33259618282318115,
      "q25": -0.21016164124011993,
      "q50": 0.0038239210844039917,
      "q75": 0.19913585484027863,
      "q90": 0.34240567684173584
    },
    "score_centering_loss": -0.11568886041641235,
    "rule1_entropy": 2.6987578868865967,
    "rule1_distribution": [
      0.123271,
      0.066108,
      0.150206,
      0.163966,
      0.262085,
      0.103286,
      0.131079
    ],
    "rule2_entropy": 2.4075136184692383,
    "rule2_distribution": [
      0.059756,
      0.177199,
      0.175072,
      0.081763,
      0.306965,
      0.199245
    ],
    "A_spread_ratio": 0.016624033284839992
  },
  "0.25": {
    "budget": 0.25,
    "A_stats": {
      "mean": 1.0,
      "std": 0.015444011427462101,
      "min": 0.9687687754631042,
      "max": 1.0414947271347046,
      "q10": 0.9798417091369629,
      "q25": 0.9867560863494873,
      "q50": 0.9998117089271545,
      "q75": 1.012366771697998,
      "q90": 1.0213901996612549
    },
    "A_fis_stats": {
      "mean": 1.0018024444580078,
      "std": 0.06180843710899353,
      "min": 0.8778023719787598,
      "max": 1.1662102937698364,
      "q10": 0.9214404225349426,
      "q25": 0.9485545754432678,
      "q50": 1.0009756088256836,
      "q75": 1.051396131515503,
      "q90": 1.0876874923706055
    },
    "A_entropy": -2806.527494279375,
    "A_fis_entropy": -361.1529924722708,
    "A_range_max_div_min": 1.0750704840648173,
    "A_std_ratio": 0.24986894429216128,
    "E_ztx_stats": {
      "mean": 1.0,
      "std": 0.47731924057006836,
      "min": 0.026508012786507607,
      "max": 4.254358291625977,
      "q10": 0.46433669328689575,
      "q25": 0.6666156649589539,
      "q50": 0.9334651231765747,
      "q75": 1.2523646354675293,
      "q90": 1.6053171157836914
    },
    "E_top20_ratio": 0.34570688009262085,
    "corr_A_I": 0.9235175848007202,
    "score_raw_stats": {
      "mean": 0.18831376731395721,
      "std": 0.13623857498168945,
      "min": -0.03513415530323982,
      "max": 0.41903603076934814,
      "q10": -0.001518099568784237,
      "q25": 0.0630999207496643,
      "q50": 0.1955508291721344,
      "q75": 0.29954957962036133,
      "q90": 0.3797442615032196
    },
    "score_post_stats": {
      "mean": -3.725290298461914e-09,
      "std": 0.2519274353981018,
      "min": -0.5642349720001221,
      "max": 0.6978139877319336,
      "q10": -0.33259618282318115,
      "q25": -0.21016164124011993,
      "q50": 0.0038239210844039917,
      "q75": 0.19913585484027863,
      "q90": 0.34240567684173584
    },
    "score_centering_loss": -0.11568886041641235,
    "rule1_entropy": 2.6987578868865967,
    "rule1_distribution": [
      0.123271,
      0.066108,
      0.150206,
      0.163966,
      0.262085,
      0.103286,
      0.131079
    ],
    "rule2_entropy": 2.4075136184692383,
    "rule2_distribution": [
      0.059756,
      0.177199,
      0.175072,
      0.081763,
      0.306965,
      0.199245
    ],
    "A_spread_ratio": 0.041548490108807096
  },
  "0.5": {
    "budget": 0.5,
    "A_stats": {
      "mean": 1.0,
      "std": 0.030873509123921394,
      "min": 0.9375813007354736,
      "max": 1.0829850435256958,
      "q10": 0.9597063064575195,
      "q25": 0.9735179543495178,
      "q50": 0.9996235370635986,
      "q75": 1.0247217416763306,
      "q90": 1.0427589416503906
    },
    "A_fis_stats": {
      "mean": 1.0018024444580078,
      "std": 0.06180843710899353,
      "min": 0.8778023719787598,
      "max": 1.1662102937698364,
      "q10": 0.9214404225349426,
      "q25": 0.9485545754432678,
      "q50": 1.0009756088256836,
      "q75": 1.051396131515503,
      "q90": 1.0876874923706055
    },
    "A_entropy": -1059.8432761512267,
    "A_fis_entropy": -361.1529924722708,
    "A_range_max_div_min": 1.1550838643276304,
    "A_std_ratio": 0.4995030706640921,
    "E_ztx_stats": {
      "mean": 1.0,
      "std": 0.5073108077049255,
      "min": 0.025066068395972252,
      "max": 4.542276382446289,
      "q10": 0.43860453367233276,
      "q25": 0.6405324339866638,
      "q50": 0.9200429916381836,
      "q75": 1.264739990234375,