{
  "0.0": {
    "budget": 0.0,
    "A_stats": {
      "mean": 1.0,
      "std": 0.0,
      "min": 1.0,
      "max": 1.0,
      "q10": 1.0,
      "q25": 1.0,
      "q50": 1.0,
      "q75": 1.0,
      "q90": 1.0
    },
    "A_fis_stats": {
      "mean": 1.0031607151031494,
      "std": 0.0826118066906929,
      "min": 0.8386819362640381,
      "max": 1.2348543405532837,
      "q10": 0.8981512784957886,
      "q25": 0.9334872364997864,
      "q50": 0.9996151328086853,
      "q75": 1.0664063692092896,
      "q90": 1.12022066116333
    },
    "A_entropy": -282.19314740218636,
    "A_fis_entropy": -208.39496733363293,
    "A_range_max_div_min": 0.9999999900000002,
    "A_std_ratio": 0.0,
    "E_ztx_stats": {
      "mean": 1.0,
      "std": 0.44733762741088867,
      "min": 0.028001796454191208,
      "max": 3.9703400135040283,
      "q10": 0.49062198400497437,
      "q25": 0.69001305103302,
      "q50": 0.9461244344711304,
      "q75": 1.2385162115097046,
      "q90": 1.5608508586883545
    },
    "E_top20_ratio": 0.33517664670944214,
    "corr_A_I": 0.0,
    "score_raw_stats": {
      "mean": 0.2536996901035309,
      "std": 0.13402245938777924,
      "min": 0.02909214049577713,
      "max": 0.49510931968688965,
      "q10": 0.06817206740379333,
      "q25": 0.1348135620355606,
      "q50": 0.25798362493515015,
      "q75": 0.35755687952041626,
      "q90": 0.44549840688705444
    },
    "score_post_stats": {
      "mean": 0.0,
      "std": 0.24800831079483032,
      "min": -0.5626268982887268,
      "max": 0.7112467288970947,
      "q10": -0.32204297184944153,
      "q25": -0.2022131383419037,
      "q50": -0.0011158883571624756,
      "q75": 0.1885644644498825,
      "q90": 0.34177350997924805
    },
    "score_centering_loss": -0.11398585140705109,
    "rule1_entropy": 2.6987578868865967,
    "rule1_distribution": [
      0.123271,
      0.066108,
      0.150206,
      0.163966,
      0.262085,
      0.103286,
      0.131079
    ],
    "rule2_entropy": 2.4487881660461426,
    "rule2_distribution": [
      0.145569,
      0.147344,
      0.049329,
      0.246361,
      0.249645,
      0.161753
    ],
    "A_spread_ratio": 0.0
  },
  "0.1": {
    "budget": 0.1,
    "A_stats": {
      "mean": 1.0,
      "std": 0.008257887326180935,
      "min": 0.9834238886833191,
      "max": 1.023392915725708,
      "q10": 0.9894692897796631,
      "q25": 0.9930472373962402,
      "q50": 0.9996906518936157,
      "q75": 1.0062885284423828,
      "q90": 1.011690616607666
    },
    "A_fis_stats": {
      "mean": 1.0031607151031494,
      "std": 0.0826118066906929,
      "min": 0.8386819362640381,
      "max": 1.2348543405532837,
      "q10": 0.8981512784957886,
      "q25": 0.9334872364997864,
      "q50": 0.9996151328086853,
      "q75": 1.0664063692092896,
      "q90": 1.12022066116333
    },
    "A_entropy": -6217.436810275103,
    "A_fis_entropy": -208.39496733363293,
    "A_range_max_div_min": 1.0406427148007105,
    "A_std_ratio": 0.09996012261901116,
    "E_ztx_stats": {
      "mean": 1.0,
      "std": 0.46385443210601807,
      "min": 0.027223186567425728,
      "max": 4.131054878234863,
      "q10": 0.47697997093200684,
      "q25": 0.6758005023002625,
      "q50": 0.9380701184272766,
      "q75": 1.2455317974090576,
      "q90": 1.5876200199127197
    },
    "E_top20_ratio": 0.34101900458335876,
    "corr_A_I": 0.9259703159332275,
    "score_raw_stats": {
      "mean": 0.2536996901035309,
      "std": 0.13402245938777924,
      "min": 0.02909214049577713,
      "max": 0.49510931968688965,
      "q10": 0.06817206740379333,
      "q25": 0.1348135620355606,
      "q50": 0.25798362493515015,
      "q75": 0.35755687952041626,
      "q90": 0.44549840688705444
    },
    "score_post_stats": {
      "mean": 0.0,
      "std": 0.24800831079483032,
      "min": -0.5626268982887268,
      "max": 0.7112467288970947,
      "q10": -0.32204297184944153,
      "q25": -0.2022131383419037,
      "q50": -0.0011158883571624756,
      "q75": 0.1885644644498825,
      "q90": 0.34177350997924805
    },
    "score_centering_loss": -0.11398585140705109,
    "rule1_entropy": 2.6987578868865967,
    "rule1_distribution": [
      0.123271,
      0.066108,
      0.150206,
      0.163966,
      0.262085,
      0.103286,
      0.131079
    ],
    "rule2_entropy": 2.4487881660461426,
    "rule2_distribution": [
      0.145569,
      0.147344,
      0.049329,
      0.246361,
      0.249645,
      0.161753
    ],
    "A_spread_ratio": 0.022221326605789665
  },
  "0.25": {
    "budget": 0.25,
    "A_stats": {
      "mean": 1.0,
      "std": 0.020634504035115242,
      "min": 0.958587646484375,
      "max": 1.0584744215011597,
      "q10": 0.9736862182617188,
      "q25": 0.9826247096061707,
      "q50": 0.9992269277572632,
      "q75": 1.0157126188278198,
      "q90": 1.0292119979858398
    },
    "A_fis_stats": {
      "mean": 1.0031607151031494,
      "std": 0.0826118066906929,
      "min": 0.8386819362640381,
      "max": 1.2348543405532837,
      "q10": 0.8981512784957886,
      "q25": 0.9334872364997864,
      "q50": 0.9996151328086853,
      "q75": 1.0664063692092896,
      "q90": 1.12022066116333
    },
    "A_entropy": -1826.5911859059602,
    "A_fis_entropy": -208.39496733363293,
    "A_range_max_div_min": 1.1042020146421663,
    "A_std_ratio": 0.24977666466739182,
    "E_ztx_stats": {
      "mean": 1.0,
      "std": 0.48869141936302185,
      "min": 0.026081429794430733,
      "max": 4.374804496765137,
      "q10": 0.4558717608451843,
      "q25": 0.6584559679031372,
      "q50": 0.9278250932693481,
      "q75": 1.2544833421707153,
      "q90": 1.6214993000030518
    },
    "E_top20_ratio": 0.34976696968078613,
    "corr_A_I": 0.92596834897995,
    "score_raw_stats": {
      "mean": 0.2536996901035309,
      "std": 0.13402245938777924,
      "min": 0.02909214049577713,
      "max": 0.49510931968688965,
      "q10": 0.06817206740379333,
      "q25": 0.1348135620355606,
      "q50": 0.25798362493515015,
      "q75": 0.35755687952041626,
      "q90": 0.44549840688705444
    },
    "score_post_stats": {
      "mean": 0.0,
      "std": 0.24800831079483032,
      "min": -0.5626268982887268,
      "max": 0.7112467288970947,
      "q10": -0.32204297184944153,
      "q25": -0.2022131383419037,
      "q50": -0.0011158883571624756,
      "q75": 0.1885644644498825,
      "q90": 0.34177350997924805
    },
    "score_centering_loss": -0.11398585140705109,
    "rule1_entropy": 2.6987578868865967,
    "rule1_distribution": [
      0.123271,
      0.066108,
      0.150206,
      0.163966,
      0.262085,
      0.103286,
      0.131079
    ],
    "rule2_entropy": 2.4487881660461426,
    "rule2_distribution": [
      0.145569,
      0.147344,
      0.049329,
      0.246361,
      0.249645,
      0.161753
    ],
    "A_spread_ratio": 0.0555257791688633
  },
  "0.5": {
    "budget": 0.5,
    "A_stats": {
      "mean": 1.0,
      "std": 0.041234951466321945,
      "min": 0.9172687530517578,
      "max": 1.1169224977493286,
      "q10": 0.9474157094955444,
      "q25": 0.9652713537216187,
      "q50": 0.9984545707702637,
      "q75": 1.0313961505889893,
      "q90": 1.058375358581543
    },
    "A_fis_stats": {
      "mean": 1.0031607151031494,
      "std": 0.0826118066906929,
      "min": 0.8386819362640381,
      "max": 1.2348543405532837,
      "q10": 0.8981512784957886,
      "q25": 0.9334872364997864,
      "q50": 0.9996151328086853,
      "q75": 1.0664063692092896,
      "q90": 1.12022066116333
    },
    "A_entropy": -663.8084505477465,
    "A_fis_entropy": -208.39496733363293,
    "A_range_max_div_min": 1.2176611073436336,
    "A_std_ratio": 0.499141080757367,
    "E_ztx_stats": {
      "mean": 1.0,
      "std": 0.5300875902175903,
      "min": 0.024247685447335243,
      "max": 4.787266731262207,
      "q10": 0.42167145013809204,
      "q25": 0.6224732398986816,
      "q50": 0.9099316000938416,
      "q75": 1.270512580871582,
      "q90": 1.6878578662872314
    },