{
  "0.0": {
    "budget": 0.0,
    "A_stats": {
      "mean": 1.0,
      "std": 0.0,
      "min": 1.0,
      "max": 1.0,
      "q10": 1.0,
      "q25": 1.0,
      "q50": 1.0,
      "q75": 1.0,
      "q90": 1.0
    },
    "A_fis_stats": {
      "mean": 1.0046274662017822,
      "std": 0.10247479379177094,
      "min": 0.8087380528450012,
      "max": 1.311039686203003,
      "q10": 0.879366397857666,
      "q25": 0.9201306104660034,
      "q50": 0.9956270456314087,
      "q75": 1.0777442455291748,
      "q90": 1.1529290676116943
    },
    "A_entropy": -282.19314740218636,
    "A_fis_entropy": -134.37074068366329,
    "A_range_max_div_min": 0.9999999900000002,
    "A_std_ratio": 0.0,
    "E_ztx_stats": {
      "mean": 1.0,
      "std": 0.44733762741088867,
      "min": 0.028001796454191208,
      "max": 3.9703400135040283,
      "q10": 0.49062198400497437,
      "q25": 0.69001305103302,
      "q50": 0.9461244344711304,
      "q75": 1.2385162115097046,
      "q90": 1.5608508586883545
    },
    "E_top20_ratio": 0.33517664670944214,
    "corr_A_I": 0.0,
    "score_raw_stats": {
      "mean": 0.2266949713230133,
      "std": 0.1304606944322586,
      "min": 0.015184983611106873,
      "max": 0.48411884903907776,
      "q10": 0.051798537373542786,
      "q25": 0.11295200884342194,
      "q50": 0.22483111917972565,
      "q75": 0.32105377316474915,
      "q90": 0.41925346851348877
    },
    "score_post_stats": {
      "mean": 0.0,
      "std": 0.24196243286132812,
      "min": -0.53343266248703,
      "max": 0.7292002439498901,
      "q10": -0.304610013961792,
      "q25": -0.19374379515647888,
      "q50": -0.01007525622844696,
      "q75": 0.1738455593585968,
      "q90": 0.3396216034889221
    },
    "score_centering_loss": -0.11150173842906952,
    "rule1_entropy": 2.6987578868865967,
    "rule1_distribution": [
      0.123271,
      0.066108,
      0.150206,
      0.163966,
      0.262085,
      0.103286,
      0.131079
    ],
    "rule2_entropy": 2.2874398231506348,
    "rule2_distribution": [
      0.177094,
      0.048981,
      0.032671,
      0.283233,
      0.283233,
      0.174788
    ],
    "A_spread_ratio": 0.0
  },
  "0.1": {
    "budget": 0.1,
    "A_stats": {
      "mean": 1.0,
      "std": 0.010241690091788769,
      "min": 0.9802518486976624,
      "max": 1.0309348106384277,
      "q10": 0.9874191880226135,
      "q25": 0.9915789365768433,
      "q50": 0.9990991353988647,
      "q75": 1.0073363780975342,
      "q90": 1.0147813558578491
    },
    "A_fis_stats": {
      "mean": 1.0046274662017822,
      "std": 0.10247479379177094,
      "min": 0.8087380528450012,
      "max": 1.311039686203003,
      "q10": 0.879366397857666,
      "q25": 0.9201306104660034,
      "q50": 0.9956270456314087,
      "q75": 1.0777442455291748,
      "q90": 1.1529290676116943
    },
    "A_entropy": -4603.211822892435,
    "A_fis_entropy": -134.37074068366329,
    "A_range_max_div_min": 1.0517040100368709,
    "A_std_ratio": 0.09994349550158603,
    "E_ztx_stats": {
      "mean": 1.0,
      "std": 0.46872463822364807,
      "min": 0.02707013487815857,
      "max": 4.185812473297119,
      "q10": 0.47401097416877747,
      "q25": 0.6735774874687195,
      "q50": 0.9361521601676941,
      "q75": 1.2457494735717773,
      "q90": 1.5949081182479858
    },
    "E_top20_ratio": 0.3428065776824951,
    "corr_A_I": 0.9260455369949341,
    "score_raw_stats": {
      "mean": 0.2266949713230133,
      "std": 0.1304606944322586,
      "min": 0.015184983611106873,
      "max": 0.48411884903907776,
      "q10": 0.051798537373542786,
      "q25": 0.11295200884342194,
      "q50": 0.22483111917972565,
      "q75": 0.32105377316474915,
      "q90": 0.41925346851348877
    },
    "score_post_stats": {
      "mean": 0.0,
      "std": 0.24196243286132812,
      "min": -0.53343266248703,
      "max": 0.7292002439498901,
      "q10": -0.304610013961792,
      "q25": -0.19374379515647888,
      "q50": -0.01007525622844696,
      "q75": 0.1738455593585968,
      "q90": 0.3396216034889221
    },
    "score_centering_loss": -0.11150173842906952,
    "rule1_entropy": 2.6987578868865967,
    "rule1_distribution": [
      0.123271,
      0.066108,
      0.150206,
      0.163966,
      0.262085,
      0.103286,
      0.131079
    ],
    "rule2_entropy": 2.2874398231506348,
    "rule2_distribution": [
      0.177094,
      0.048981,
      0.032671,
      0.283233,
      0.283233,
      0.174788
    ],
    "A_spread_ratio": 0.027362167561613922
  },
  "0.25": {
    "budget": 0.25,
    "A_stats": {
      "mean": 1.0,
      "std": 0.025585632771253586,
      "min": 0.9506767392158508,
      "max": 1.0773180723190308,
      "q10": 0.9685761332511902,
      "q25": 0.9789592623710632,
      "q50": 0.9977490901947021,
      "q75": 1.0183299779891968,
      "q90": 1.0369216203689575
    },
    "A_fis_stats": {
      "mean": 1.0046274662017822,
      "std": 0.10247479379177094,
      "min": 0.8087380528450012,
      "max": 1.311039686203003,
      "q10": 0.879366397857666,
      "q25": 0.9201306104660034,
      "q50": 0.9956270456314087,
      "q75": 1.0777442455291748,
      "q90": 1.1529290676116943
    },
    "A_entropy": -1321.141687362129,
    "A_fis_entropy": -134.37074068366329,
    "A_range_max_div_min": 1.1332117601567913,
    "A_std_ratio": 0.24967730431808055,
    "E_ztx_stats": {
      "mean": 1.0,
      "std": 0.5009905099868774,
      "min": 0.02571016736328602,
      "max": 4.514244079589844,
      "q10": 0.44849836826324463,
      "q25": 0.6501442193984985,
      "q50": 0.921469509601593,
      "q75": 1.2545819282531738,
      "q90": 1.6434276103973389
    },
    "E_top20_ratio": 0.3542467951774597,
    "corr_A_I": 0.9260437488555908,
    "score_raw_stats": {
      "mean": 0.2266949713230133,
      "std": 0.1304606944322586,
      "min": 0.015184983611106873,
      "max": 0.48411884903907776,
      "q10": 0.051798537373542786,
      "q25": 0.11295200884342194,
      "q50": 0.22483111917972565,
      "q75": 0.32105377316474915,
      "q90": 0.41925346851348877
    },
    "score_post_stats": {
      "mean": 0.0,
      "std": 0.24196243286132812,
      "min": -0.53343266248703,
      "max": 0.7292002439498901,
      "q10": -0.304610013961792,
      "q25": -0.19374379515647888,
      "q50": -0.01007525622844696,
      "q75": 0.1738455593585968,
      "q90": 0.3396216034889221
    },
    "score_centering_loss": -0.11150173842906952,
    "rule1_entropy": 2.6987578868865967,
    "rule1_distribution": [
      0.123271,
      0.066108,
      0.150206,
      0.163966,
      0.262085,
      0.103286,
      0.131079
    ],
    "rule2_entropy": 2.2874398231506348,
    "rule2_distribution": [
      0.177094,
      0.048981,
      0.032671,
      0.283233,
      0.283233,
      0.174788
    ],
    "A_spread_ratio": 0.06834548643431247
  },
  "0.5": {
    "budget": 0.5,
    "A_stats": {
      "mean": 1.0,
      "std": 0.051109421998262405,
      "min": 0.9015094637870789,
      "max": 1.154572606086731,
      "q10": 0.9372414350509644,
      "q25": 0.9579645395278931,
      "q50": 0.9955017566680908,
      "q75": 1.036614179611206,
      "q90": 1.0737648010253906
    },
    "A_fis_stats": {
      "mean": 1.0046274662017822,
      "std": 0.10247479379177094,
      "min": 0.8087380528450012,
      "max": 1.311039686203003,
      "q10": 0.879366397857666,
      "q25": 0.9201306104660034,
      "q50": 0.9956270456314087,
      "q75": 1.0777442455291748,
      "q90": 1.1529290676116943
    },
    "A_entropy": -463.9290487227662,
    "A_fis_entropy": -134.37074068366329,
    "A_range_max_div_min": 1.2807104524776423,
    "A_std_ratio": 0.49875110863463457,
    "E_ztx_stats": {
      "mean": 1.0,
      "std": 0.55492103099823,
      "min": 0.023542877286672592,
      "max": 5.0735626220703125,
      "q10": 0.4086461663246155,
      "q25": 0.605233371257782,
      "q50": 0.8953336477279663,
      "q75": 1.2713875770568848,
      "q90": 1.7209374904632568
    },
    "E_top20_ratio": 0.3732047975063324,