{
  "full": {
    "A_stats": {
      "mean": 1.0,
      "std": 0.08233405649662018,
      "min": 0.8349096179008484,
      "max": 1.2337394952774048,
      "q10": 0.8949989676475525,
      "q25": 0.9306427240371704,
      "q50": 0.9969125986099243,
      "q75": 1.0626871585845947,
      "q90": 1.1165438890457153
    },
    "A_entropy": -207.24587156086605,
    "corr_A_I": 0.9259592294692993,
    "score_raw_stats": {
      "mean": 0.2536996901035309,
      "std": 0.13402245938777924,
      "min": 0.02909214049577713,
      "max": 0.49510931968688965,
      "q10": 0.06817206740379333,
      "q25": 0.1348135620355606,
      "q50": 0.25798362493515015,
      "q75": 0.35755687952041626,
      "q90": 0.44549840688705444
    },
    "score_post_stats": {
      "mean": 0.0,
      "std": 0.24800831079483032,
      "min": -0.5626268982887268,
      "max": 0.7112467288970947,
      "q10": -0.32204297184944153,
      "q25": -0.2022131383419037,
      "q50": -0.0011158883571624756,
      "q75": 0.1885644644498825,
      "q90": 0.34177350997924805
    },
    "rule1_entropy": 2.6987578868865967,
    "rule1_distribution": [
      0.123271,
      0.066108,
      0.150206,
      0.163966,
      0.262085,
      0.103286,
      0.131079
    ],
    "rule2_entropy": 2.4487881660461426,
    "rule2_distribution": [
      0.145569,
      0.147344,
      0.049329,
      0.246361,
      0.249645,
      0.161753
    ],
    "E_top20_ratio": 0.3927677273750305,
    "psnr": 22.0848
  },
  "snr_only": {
    "A_stats": {
      "mean": 1.0,
      "std": 0.0,
      "min": 1.0,
      "max": 1.0,
      "q10": 1.0,
      "q25": 1.0,
      "q50": 1.0,
      "q75": 1.0,
      "q90": 1.0
    },
    "A_entropy": -282.19314740218636,
    "corr_A_I": null,
    "score_raw_stats": {
      "mean": 0.2549538314342499,
      "std": 0.0,
      "min": 0.2549538314342499,
      "max": 0.2549538314342499,
      "q10": 0.2549538314342499,
      "q25": 0.2549538314342499,
      "q50": 0.2549538314342499,
      "q75": 0.2549538314342499,
      "q90": 0.2549538314342499
    },
    "score_post_stats": {
      "mean": 0.0,
      "std": 0.0,
      "min": 0.0,
      "max": 0.0,
      "q10": 0.0,
      "q25": 0.0,
      "q50": 0.0,
      "q75": 0.0,
      "q90": 0.0
    },
    "rule2_entropy": 2.3748793601989746,
    "rule2_distribution": [
      0.128264,
      0.129825,
      0.044109,
      0.282069,
      0.285908,
      0.129825
    ],
    "E_top20_ratio": 0.33517664670944214,
    "psnr": 22.1548
  },
  "importance_only": {
    "A_stats": {
      "mean": 1.0,
      "std": 0.0755084753036499,
      "min": 0.8497658967971802,
      "max": 1.2084413766860962,
      "q10": 0.9029420614242554,
      "q25": 0.9357502460479736,
      "q50": 0.9975647926330566,
      "q75": 1.0588033199310303,
      "q90": 1.1066465377807617
    },
    "A_entropy": -249.05199576679072,
    "corr_A_I": 0.9251981377601624,
    "score_raw_stats": {
      "mean": 0.1957871913909912,
      "std": 0.1420578956604004,
      "min": -0.03808495029807091,
      "max": 0.4472407102584839,
      "q10": -0.00042212940752506256,
      "q25": 0.06757473945617676,
      "q50": 0.20058180391788483,
      "q75": 0.30803611874580383,
      "q90": 0.3985327482223511
    },
    "score_post_stats": {
      "mean": 2.7939677238464355e-09,
      "std": 0.2628597319126129,
      "min": -0.5892555713653564,
      "max": 0.7460318207740784,
      "q10": -0.3435865342617035,
      "q25": -0.21654419600963593,
      "q50": -0.0004877746105194092,
      "q75": 0.20286142826080322,
      "q90": 0.3615782856941223
    },
    "rule1_entropy": 2.6987578868865967,
    "rule1_distribution": [
      0.123271,
      0.066108,
      0.150206,
      0.163966,
      0.262085,
      0.103286,
      0.131079
    ],
    "rule2_entropy": 2.444403648376465,
    "rule2_distribution": [
      0.088455,
      0.179661,
      0.088455,
      0.140011,
      0.308372,
      0.195045
    ],
    "E_top20_ratio": 0.3875044584274292,
    "psnr": 22.419
  },
  "linear": {
    "A_stats": {
      "mean": 1.0,
      "std": 0.05357879027724266,
      "min": 0.888835072517395,
      "max": 1.1650577783584595,
      "q10": 0.9332671165466309,
      "q25": 0.9566007256507874,
      "q50": 0.9967921376228333,
      "q75": 1.0383788347244263,
      "q90": 1.0755282640457153
    },
    "A_entropy": -407.67312396207126,
    "corr_A_I": 0.9270034432411194,
    "score_raw_stats": {
      "mean": -1.3969838619232178e-09,
      "std": 0.15724624693393707,
      "min": -0.3501855731010437,
      "max": 0.4776303470134735,
      "q10": -0.19850748777389526,
      "q25": -0.12610945105552673,
      "q50": -0.00524497963488102,
      "q75": 0.11295101791620255,
      "q90": 0.21824751794338226
    },
    "score_post_stats": {
      "mean": -1.3969838619232178e-09,
      "std": 0.15724624693393707,
      "min": -0.3501855731010437,
      "max": 0.4776303470134735,
      "q10": -0.19850748777389526,
      "q25": -0.12610945105552673,
      "q50": -0.00524497963488102,
      "q75": 0.11295101791620255,
      "q90": 0.21824751794338226
    },
    "rule1_entropy": 2.6987578868865967,
    "rule1_distribution": [
      0.123271,
      0.066108,
      0.150206,
      0.163966,
      0.262085,
      0.103286,
      0.131079
    ],
    "E_top20_ratio": 0.37434566020965576,
    "psnr": 22.6828
  },
  "__pairwise_corr__": {
    "full_vs_snr_only": {
      "corr_A": 0.0,
      "l2_rel_A": 0.082056
    },
    "full_vs_importance_only": {
      "corr_A": 0.999862,
      "l2_rel_A": 0.006927
    },
    "full_vs_linear": {
      "corr_A": 0.998423,
      "l2_rel_A": 0.028898
    },
    "snr_only_vs_importance_only": {
      "corr_A": 0.0,
      "l2_rel_A": 0.075508
    },
    "snr_only_vs_linear": {
      "corr_A": 0.0,
      "l2_rel_A": 0.053579
    },
    "importance_only_vs_linear": {
      "corr_A": 0.997497,
      "l2_rel_A": 0.022323
    }
  }
}