{
  "full": {
    "A_stats": {
      "mean": 1.0,
      "std": 0.061689067631959915,
      "min": 0.875338077545166,
      "max": 1.1659516096115112,
      "q10": 0.9195041656494141,
      "q25": 0.9470703601837158,
      "q50": 0.9992474913597107,
      "q75": 1.0493978261947632,
      "q90": 1.0854339599609375
    },
    "A_entropy": -358.48679990740357,
    "corr_A_I": 0.9235102534294128,
    "score_raw_stats": {
      "mean": 0.18831376731395721,
      "std": 0.13623857498168945,
      "min": -0.03513415530323982,
      "max": 0.41903603076934814,
      "q10": -0.001518099568784237,
      "q25": 0.0630999207496643,
      "q50": 0.1955508291721344,
      "q75": 0.29954957962036133,
      "q90": 0.3797442615032196
    },
    "score_post_stats": {
      "mean": -3.725290298461914e-09,
      "std": 0.2519274353981018,
      "min": -0.5642349720001221,
      "max": 0.6978139877319336,
      "q10": -0.33259618282318115,
      "q25": -0.21016164124011993,
      "q50": 0.0038239210844039917,
      "q75": 0.19913585484027863,
      "q90": 0.34240567684173584
    },
    "rule1_entropy": 2.6987578868865967,
    "rule1_distribution": [
      0.123271,
      0.066108,
      0.150206,
      0.163966,
      0.262085,
      0.103286,
      0.131079
    ],
    "rule2_entropy": 2.4075136184692383,
    "rule2_distribution": [
      0.059756,
      0.177199,
      0.175072,
      0.081763,
      0.306965,
      0.199245
    ],
    "E_top20_ratio": 0.3769029676914215,
    "psnr": 24.4505
  },
  "snr_only": {
    "A_stats": {
      "mean": 1.0,
      "std": 0.0,
      "min": 1.0,
      "max": 1.0,
      "q10": 1.0,
      "q25": 1.0,
      "q50": 1.0,
      "q75": 1.0,
      "q90": 1.0
    },
    "A_entropy": -282.19314740218636,
    "corr_A_I": null,
    "score_raw_stats": {
      "mean": 0.19225388765335083,
      "std": 0.0,
      "min": 0.19225388765335083,
      "max": 0.19225388765335083,
      "q10": 0.19225388765335083,
      "q25": 0.19225388765335083,
      "q50": 0.19225388765335083,
      "q75": 0.19225388765335083,
      "q90": 0.19225388765335083
    },
    "score_post_stats": {
      "mean": 0.0,
      "std": 0.0,
      "min": 0.0,
      "max": 0.0,
      "q10": 0.0,
      "q25": 0.0,
      "q50": 0.0,
      "q75": 0.0,
      "q90": 0.0
    },
    "rule2_entropy": 2.359279155731201,
    "rule2_distribution": [
      0.055887,
      0.164492,
      0.162515,
      0.09036,
      0.362254,
      0.164492
    ],
    "E_top20_ratio": 0.33517664670944214,
    "psnr": 24.383
  },
  "importance_only": {
    "A_stats": {
      "mean": 1.0,
      "std": 0.0755084753036499,
      "min": 0.8497658967971802,
      "max": 1.2084413766860962,
      "q10": 0.9029420614242554,
      "q25": 0.9357502460479736,
      "q50": 0.9975647926330566,
      "q75": 1.0588033199310303,
      "q90": 1.1066465377807617
    },
    "A_entropy": -249.05199576679072,
    "corr_A_I": 0.9251981377601624,
    "score_raw_stats": {
      "mean": 0.1957871913909912,
      "std": 0.1420578956604004,
      "min": -0.03808495029807091,
      "max": 0.4472407102584839,
      "q10": -0.00042212940752506256,
      "q25": 0.06757473945617676,
      "q50": 0.20058180391788483,
      "q75": 0.30803611874580383,
      "q90": 0.3985327482223511
    },
    "score_post_stats": {
      "mean": 2.7939677238464355e-09,
      "std": 0.2628597319126129,
      "min": -0.5892555713653564,
      "max": 0.7460318207740784,
      "q10": -0.3435865342617035,
      "q25": -0.21654419600963593,
      "q50": -0.0004877746105194092,
      "q75": 0.20286142826080322,
      "q90": 0.3615782856941223
    },
    "rule1_entropy": 2.6987578868865967,
    "rule1_distribution": [
      0.123271,
      0.066108,
      0.150206,
      0.163966,
      0.262085,
      0.103286,
      0.131079
    ],
    "rule2_entropy": 2.444403648376465,
    "rule2_distribution": [
      0.088455,
      0.179661,
      0.088455,
      0.140011,
      0.308372,
      0.195045
    ],
    "E_top20_ratio": 0.3875044584274292,
    "psnr": 24.0785
  },
  "linear": {
    "A_stats": {
      "mean": 1.0,
      "std": 0.039532702416181564,
      "min": 0.9168499708175659,
      "max": 1.119729995727539,
      "q10": 0.9505685567855835,
      "q25": 0.9679906368255615,
      "q50": 0.9979079961776733,
      "q75": 1.028519630432129,
      "q90": 1.055556297302246
    },
    "A_entropy": -662.8475700892814,
    "corr_A_I": 0.9271395802497864,
    "score_raw_stats": {
      "mean": -1.3969838619232178e-09,
      "std": 0.15724624693393707,
      "min": -0.3501855731010437,
      "max": 0.4776303470134735,
      "q10": -0.19850748777389526,
      "q25": -0.12610945105552673,
      "q50": -0.00524497963488102,
      "q75": 0.11295101791620255,
      "q90": 0.21824751794338226
    },
    "score_post_stats": {
      "mean": -1.3969838619232178e-09,
      "std": 0.15724624693393707,
      "min": -0.3501855731010437,
      "max": 0.4776303470134735,
      "q10": -0.19850748777389526,
      "q25": -0.12610945105552673,
      "q50": -0.00524497963488102,
      "q75": 0.11295101791620255,
      "q90": 0.21824751794338226
    },
    "rule1_entropy": 2.6987578868865967,
    "rule1_distribution": [
      0.123271,
      0.066108,
      0.150206,
      0.163966,
      0.262085,
      0.103286,
      0.131079
    ],
    "E_top20_ratio": 0.36393827199935913,
    "psnr": 24.0918
  },
  "__pairwise_corr__": {
    "full_vs_snr_only": {
      "corr_A": 0.0,
      "l2_rel_A": 0.061572
    },
    "full_vs_importance_only": {
      "corr_A": 0.999565,
      "l2_rel_A": 0.013939
    },
    "full_vs_linear": {
      "corr_A": 0.995661,
      "l2_rel_A": 0.022586
    },
    "snr_only_vs_importance_only": {
      "corr_A": 0.0,
      "l2_rel_A": 0.075508
    },
    "snr_only_vs_linear": {
      "corr_A": 0.0,
      "l2_rel_A": 0.039533
    },
    "importance_only_vs_linear": {
      "corr_A": 0.997787,
      "l2_rel_A": 0.036056
    }
  }
}