{
  "full": {
    "A_stats": {
      "mean": 0.9999999403953552,
      "std": 0.10197241604328156,
      "min": 0.8036400079727173,
      "max": 1.308892011642456,
      "q10": 0.8748049736022949,
      "q25": 0.916145384311676,
      "q50": 0.9910182952880859,
      "q75": 1.0730360746383667,
      "q90": 1.147219181060791
    },
    "A_entropy": -133.83036420767016,
    "corr_A_I": 0.9260352849960327,
    "score_raw_stats": {
      "mean": 0.2266949713230133,
      "std": 0.1304606944322586,
      "min": 0.015184983611106873,
      "max": 0.48411884903907776,
      "q10": 0.051798537373542786,
      "q25": 0.11295200884342194,
      "q50": 0.22483111917972565,
      "q75": 0.32105377316474915,
      "q90": 0.41925346851348877
    },
    "score_post_stats": {
      "mean": 0.0,
      "std": 0.24196243286132812,
      "min": -0.53343266248703,
      "max": 0.7292002439498901,
      "q10": -0.304610013961792,
      "q25": -0.19374379515647888,
      "q50": -0.01007525622844696,
      "q75": 0.1738455593585968,
      "q90": 0.3396216034889221
    },
    "rule1_entropy": 2.6987578868865967,
    "rule1_distribution": [
      0.123271,
      0.066108,
      0.150206,
      0.163966,
      0.262085,
      0.103286,
      0.131079
    ],
    "rule2_entropy": 2.2874398231506348,
    "rule2_distribution": [
      0.177094,
      0.048981,
      0.032671,
      0.283233,
      0.283233,
      0.174788
    ],
    "E_top20_ratio": 0.4102294147014618,
    "psnr": 20.7405
  },
  "snr_only": {
    "A_stats": {
      "mean": 1.0,
      "std": 0.0,
      "min": 1.0,
      "max": 1.0,
      "q10": 1.0,
      "q25": 1.0,
      "q50": 1.0,
      "q75": 1.0,
      "q90": 1.0
    },
    "A_entropy": -282.19314740218636,
    "corr_A_I": null,
    "score_raw_stats": {
      "mean": 0.22203698754310608,
      "std": 0.0,
      "min": 0.22203698754310608,
      "max": 0.22203698754310608,
      "q10": 0.22203698754310608,
      "q25": 0.22203698754310608,
      "q50": 0.22203698754310608,
      "q75": 0.22203698754310608,
      "q90": 0.22203698754310608
    },
    "score_post_stats": {
      "mean": 0.0,
      "std": 0.0,
      "min": 0.0,
      "max": 0.0,
      "q10": 0.0,
      "q25": 0.0,
      "q50": 0.0,
      "q75": 0.0,
      "q90": 0.0
    },
    "rule2_entropy": 2.1993842124938965,
    "rule2_distribution": [
      0.144163,
      0.041937,
      0.029436,
      0.320151,
      0.320151,
      0.144163
    ],
    "E_top20_ratio": 0.33517664670944214,
    "psnr": 19.6934
  },
  "importance_only": {
    "A_stats": {
      "mean": 1.0,
      "std": 0.0755084753036499,
      "min": 0.8497658967971802,
      "max": 1.2084413766860962,
      "q10": 0.9029420614242554,
      "q25": 0.9357502460479736,
      "q50": 0.9975647926330566,
      "q75": 1.0588033199310303,
      "q90": 1.1066465377807617
    },
    "A_entropy": -249.05199576679072,
    "corr_A_I": 0.9251981377601624,
    "score_raw_stats": {
      "mean": 0.1957871913909912,
      "std": 0.1420578956604004,
      "min": -0.03808495029807091,
      "max": 0.4472407102584839,
      "q10": -0.00042212940752506256,
      "q25": 0.06757473945617676,
      "q50": 0.20058180391788483,
      "q75": 0.30803611874580383,
      "q90": 0.3985327482223511
    },
    "score_post_stats": {
      "mean": 2.7939677238464355e-09,
      "std": 0.2628597319126129,
      "min": -0.5892555713653564,
      "max": 0.7460318207740784,
      "q10": -0.3435865342617035,
      "q25": -0.21654419600963593,
      "q50": -0.0004877746105194092,
      "q75": 0.20286142826080322,
      "q90": 0.3615782856941223
    },
    "rule1_entropy": 2.6987578868865967,
    "rule1_distribution": [
      0.123271,
      0.066108,
      0.150206,
      0.163966,
      0.262085,
      0.103286,
      0.131079
    ],
    "rule2_entropy": 2.444403648376465,
    "rule2_distribution": [
      0.088455,
      0.179661,
      0.088455,
      0.140011,
      0.308372,
      0.195045
    ],
    "E_top20_ratio": 0.3875044584274292,
    "psnr": 20.529
  },
  "linear": {
    "A_stats": {
      "mean": 1.0,
      "std": 0.06767383962869644,
      "min": 0.8615013957023621,
      "max": 1.2120705842971802,
      "q10": 0.9160747528076172,
      "q25": 0.9450990557670593,
      "q50": 0.9955428838729858,
      "q75": 1.048107385635376,
      "q90": 1.0957069396972656
    },
    "A_entropy": -274.0257166508916,
    "corr_A_I": 0.9268131256103516,
    "score_raw_stats": {
      "mean": -1.3969838619232178e-09,
      "std": 0.15724624693393707,
      "min": -0.3501855731010437,
      "max": 0.4776303470134735,
      "q10": -0.19850748777389526,
      "q25": -0.12610945105552673,
      "q50": -0.00524497963488102,
      "q75": 0.11295101791620255,
      "q90": 0.21824751794338226
    },
    "score_post_stats": {
      "mean": -1.3969838619232178e-09,
      "std": 0.15724624693393707,
      "min": -0.3501855731010437,
      "max": 0.4776303470134735,
      "q10": -0.19850748777389526,
      "q25": -0.12610945105552673,
      "q50": -0.00524497963488102,
      "q75": 0.11295101791620255,
      "q90": 0.21824751794338226
    },
    "rule1_entropy": 2.6987578868865967,
    "rule1_distribution": [
      0.123271,
      0.066108,
      0.150206,
      0.163966,
      0.262085,
      0.103286,
      0.131079
    ],
    "E_top20_ratio": 0.38485774397850037,
    "psnr": 20.7698
  },
  "__pairwise_corr__": {
    "full_vs_snr_only": {
      "corr_A": 0.0,
      "l2_rel_A": 0.101446
    },
    "full_vs_importance_only": {
      "corr_A": 0.996968,
      "l2_rel_A": 0.027191
    },
    "full_vs_linear": {
      "corr_A": 0.999723,
      "l2_rel_A": 0.034177
    },
    "snr_only_vs_importance_only": {
      "corr_A": 0.0,
      "l2_rel_A": 0.075508
    },
    "snr_only_vs_linear": {
      "corr_A": 0.0,
      "l2_rel_A": 0.067674
    },
    "importance_only_vs_linear": {
      "corr_A": 0.997144,
      "l2_rel_A": 0.00949
    }
  }
}