{
  "channel": "Rayleigh",
  "dataset": "cifar10",
  "image_size": 32,
  "rayleigh_equalize": false,
  "baseline_ckpt": "/media/data/students/nguyenquangkhai/project1/JSCC_FIS/Deep-JSCC-PyTorch/ckpts_baseline/rayleigh_no_eq/baseline_best.pth",
  "fis_ckpts": {
    "full": "/media/data/students/nguyenquangkhai/project1/JSCC_FIS/Deep-JSCC-PyTorch/ckpts_fis_power/rayleigh_no_eq/ckpts_full_Rayleigh/fis_power_best.pth"
  },
  "results": {
    "1.0": {
      "1.0": {
        "baseline": {
          "psnr": 20.302126172222668,
          "ssim": 0.6591102820408495,
          "n": 79,
          "time": 0.00437237642988374
        },
        "full": {
          "psnr": 20.57629657697074,
          "ssim": 0.6683841076078294,
          "n": 79,
          "time": 0.003732412676267986
        }
      },
      "4.0": {
        "baseline": {
          "psnr": 21.779452022117905,
          "ssim": 0.7111141447779499,
          "n": 79,
          "time": 0.0008553553231154816
        },
        "full": {
          "psnr": 22.006062664563142,
          "ssim": 0.7175332436078712,
          "n": 79,
          "time": 0.0016477771952182433
        }
      },
      "7.0": {
        "baseline": {
          "psnr": 23.041626217999035,
          "ssim": 0.7491555108299738,
          "n": 79,
          "time": 0.0008271585536908499
        },
        "full": {
          "psnr": 23.248881158949455,
          "ssim": 0.753953140747698,
          "n": 79,
          "time": 0.0015651063074039507
        }
      },
      "10.0": {
        "baseline": {
          "psnr": 24.03967615924304,
          "ssim": 0.7752921430370475,
          "n": 79,
          "time": 0.0008202987381174594
        },
        "full": {
          "psnr": 24.241615343697465,
          "ssim": 0.7793851147724103,
          "n": 79,
          "time": 0.0015809264364121836
        }
      },
      "13.0": {
        "baseline": {
          "psnr": 24.76014101052586,
          "ssim": 0.7922735070880456,
          "n": 79,
          "time": 0.0008174860024754005
        },
        "full": {
          "psnr": 24.961823910097532,
          "ssim": 0.796149695975871,
          "n": 79,
          "time": 0.0016082600702213336
        }
      }
    }
  },
  "channel_context": {
    "1.0": {
      "1.0": {
        "gamma_eff_db": {
          "mean_of_means": -1.53857324093203,
          "mean_of_stds": 5.56353569634353,
          "global_min": -44.93436813354492,
          "global_max": 10.338266372680664
        },
        "gamma_eff_norm": {
          "mean_of_means": 0.38779581724842893,
          "mean_of_stds": 0.14867725742014148,
          "global_min": 0.0,
          "global_max": 0.7239504456520081
        },
        "channel_rel": {
          "mean_of_means": 0.38779581724842893,
          "mean_of_stds": 0.14867725742014148,
          "global_min": 0.0,
          "global_max": 0.7239504456520081
        },
        "h_abs2": {
          "mean_of_means": 0.9965055599997316,
          "mean_of_stds": 0.9732279868065556,
          "global_min": 2.550136559875682e-05,
          "global_max": 8.586706161499023
        },
        "noise_var": {
          "mean_of_means": 0.7943282127380371,
          "mean_of_stds": 0.0,
          "global_min": 0.7943282127380371,
          "global_max": 0.7943282127380371
        },
        "rx_noise_var": {
          "mean_of_means": 0.7943282127380371,
          "mean_of_stds": 0.0,
          "global_min": 0.7943282127380371,
          "global_max": 0.7943282127380371
        },
        "channel_type": "rayleigh",
        "fading_equalize": false
      },
      "4.0": {
        "gamma_eff_db": {
          "mean_of_means": 1.4614266372179683,
          "mean_of_stds": 5.56353567823579,
          "global_min": -41.934364318847656,
          "global_max": 13.338266372680664
        },
        "gamma_eff_norm": {
          "mean_of_means": 0.471988478416129,
          "mean_of_stds": 0.15281995848009858,
          "global_min": 0.0,
          "global_max": 0.809664785861969
        },
        "channel_rel": {
          "mean_of_means": 0.471988478416129,
          "mean_of_stds": 0.15281995848009858,
          "global_min": 0.0,
          "global_max": 0.809664785861969
        },
        "h_abs2": {
          "mean_of_means": 0.9965055599997316,
          "mean_of_stds": 0.9732279868065556,
          "global_min": 2.550136559875682e-05,
          "global_max": 8.586706161499023
        },
        "noise_var": {
          "mean_of_means": 0.3981071412563324,
          "mean_of_stds": 0.0,
          "global_min": 0.3981071412563324,
          "global_max": 0.3981071412563324
        },
        "rx_noise_var": {
          "mean_of_means": 0.3981071412563324,
          "mean_of_stds": 0.0,
          "global_min": 0.3981071412563324,
          "global_max": 0.3981071412563324
        },
        "channel_type": "rayleigh",
        "fading_equalize": false
      },
      "7.0": {
        "gamma_eff_db": {
          "mean_of_means": 4.46142678622958,
          "mean_of_stds": 5.563535702379444,
          "global_min": -38.934364318847656,
          "global_max": 16.338266372680664
        },
        "gamma_eff_norm": {
          "mean_of_means": 0.5569672116750404,
          "mean_of_stds": 0.15513938589941098,
          "global_min": 0.0,
          "global_max": 0.8953790664672852
        },
        "channel_rel": {
          "mean_of_means": 0.5569672116750404,
          "mean_of_stds": 0.15513938589941098,
          "global_min": 0.0,
          "global_max": 0.8953790664672852
        },
        "h_abs2": {
          "mean_of_means": 0.9965055599997316,
          "mean_of_stds": 0.9732279868065556,
          "global_min": 2.550136559875682e-05,
          "global_max": 8.586706161499023
        },
        "noise_var": {
          "mean_of_means": 0.19952623546123505,
          "mean_of_stds": 0.0,
          "global_min": 0.19952623546123505,
          "global_max": 0.19952623546123505
        },
        "rx_noise_var": {
          "mean_of_means": 0.19952623546123505,
          "mean_of_stds": 0.0,
          "global_min": 0.19952623546123505,
          "global_max": 0.19952623546123505
        },
        "channel_type": "rayleigh",
        "fading_equalize": false
      },
      "10.0": {
        "gamma_eff_db": {
          "mean_of_means": 7.4614269220376315,
          "mean_of_stds": 5.5635357144512705,
          "global_min": -35.93436813354492,
          "global_max": 19.338266372680664
        },
        "gamma_eff_norm": {
          "mean_of_means": 0.6422780208949801,
          "mean_of_stds": 0.15657585859298706,
          "global_min": 0.0,
          "global_max": 0.9810932874679565
        },
        "channel_rel": {
          "mean_of_means": 0.6422780208949801,
          "mean_of_stds": 0.15657585859298706,
          "global_min": 0.0,
          "global_max": 0.9810932874679565
        },
        "h_abs2": {
          "mean_of_means": 0.9965055599997316,
          "mean_of_stds": 0.9732279868065556,
          "global_min": 2.550136559875682e-05,
          "global_max": 8.586706161499023
        },
        "noise_var": {
          "mean_of_means": 0.09999999403953552,
          "mean_of_stds": 0.0,
          "global_min": 0.09999999403953552,
          "global_max": 0.09999999403953552
        },
        "rx_noise_var": {
          "mean_of_means": 0.09999999403953552,
          "mean_of_stds": 0.0,
          "global_min": 0.09999999403953552,
          "global_max": 0.09999999403953552
        },
        "channel_type": "rayleigh",
        "fading_equalize": false
      },
      "13.0": {
        "gamma_eff_db": {
          "mean_of_means": 10.461427036719986,
          "mean_of_stds": 5.56353569634353,
          "global_min": -32.934364318847656,
          "global_max": 22.338266372680664
        },
        "gamma_eff_norm": {
          "mean_of_means": 0.7276765907867045,
          "mean_of_stds": 0.15735174640070035,
          "global_min": 0.0,