{
  "channel": "Rayleigh",
  "dataset": "cifar10",
  "image_size": 32,
  "rayleigh_equalize": true,
  "baseline_ckpt": "exp_ctx/ckpts_eq_baseline_Rayleigh_eq/baseline_best.pth",
  "fis_ckpts": {
    "linear": "exp_ctx/ckpts_eq_linear_Rayleigh_eq/fis_power_best.pth",
    "importance_only": "exp_ctx/ckpts_eq_importance_only_Rayleigh_eq/fis_power_best.pth",
    "snr_only": "exp_ctx/ckpts_eq_snr_only_Rayleigh_eq/fis_power_best.pth",
    "full": "exp_ctx/ckpts_eq_full_Rayleigh_eq/fis_power_best.pth"
  },
  "results": {
    "1.0": {
      "1.0": {
        "baseline": {
          "psnr": 17.186401391331152,
          "ssim": 0.5797570913652831,
          "n": 79,
          "time": 0.004588954056365581
        },
        "linear": {
          "psnr": 21.369610943371736,
          "ssim": 0.7136302703543554,
          "n": 79,
          "time": 0.0019281182108046133
        },
        "importance_only": {
          "psnr": 21.352237604841402,
          "ssim": 0.7156554769866074,
          "n": 79,
          "time": 0.0017005280603336382
        },
        "snr_only": {
          "psnr": 21.434400993057444,
          "ssim": 0.7217298798923251,
          "n": 79,
          "time": 0.0008601900897448576
        },
        "full": {
          "psnr": 21.46251275267782,
          "ssim": 0.718727089181731,
          "n": 79,
          "time": 0.001660389236257046
        }
      },
      "4.0": {
        "baseline": {
          "psnr": 17.960345038884803,
          "ssim": 0.6187985509256774,
          "n": 79,
          "time": 0.0009165625028972384
        },
        "linear": {
          "psnr": 22.86928440045707,
          "ssim": 0.7608312549470346,
          "n": 79,
          "time": 0.0014019495324243472
        },
        "importance_only": {
          "psnr": 22.88836681993702,
          "ssim": 0.7640029003348532,
          "n": 79,
          "time": 0.0017282661003402517
        },
        "snr_only": {
          "psnr": 22.964908310129672,
          "ssim": 0.770215279693845,
          "n": 79,
          "time": 0.0008210894427722014
        },
        "full": {
          "psnr": 22.975503680072254,
          "ssim": 0.7667845314062094,
          "n": 79,
          "time": 0.0016616779037668735
        }
      },
      "7.0": {
        "baseline": {
          "psnr": 18.486023359660862,
          "ssim": 0.6462923288345337,
          "n": 79,
          "time": 0.0009572626669195634
        },
        "linear": {
          "psnr": 24.232603700855112,
          "ssim": 0.7974444431594655,
          "n": 79,
          "time": 0.0014158411871028852
        },
        "importance_only": {
          "psnr": 24.299115796632403,
          "ssim": 0.8019478886942321,
          "n": 79,
          "time": 0.0017431476448155658
        },
        "snr_only": {
          "psnr": 24.36807951142516,
          "ssim": 0.8082205049599274,
          "n": 79,
          "time": 0.0008643065826802314
        },
        "full": {
          "psnr": 24.35702121106884,
          "ssim": 0.8042998894860472,
          "n": 79,
          "time": 0.0016997011401985265
        }
      },
      "10.0": {
        "baseline": {
          "psnr": 18.818876773496218,
          "ssim": 0.6646642850924142,
          "n": 79,
          "time": 0.0009537799448906621
        },
        "linear": {
          "psnr": 25.37862685964077,
          "ssim": 0.8240612028520319,
          "n": 79,
          "time": 0.00151763686650916
        },
        "importance_only": {
          "psnr": 25.494873674609995,
          "ssim": 0.8296886773049077,
          "n": 79,
          "time": 0.0018398188337495056
        },
        "snr_only": {
          "psnr": 25.560474419895606,
          "ssim": 0.8360731073572666,
          "n": 79,
          "time": 0.0008558623398406596
        },
        "full": {
          "psnr": 25.5317726618127,
          "ssim": 0.8317654909966867,
          "n": 79,
          "time": 0.0018163662922533253
        }
      },
      "13.0": {
        "baseline": {
          "psnr": 19.021043318736403,
          "ssim": 0.67641411853742,
          "n": 79,
          "time": 0.0009281424027455004
        },
        "linear": {
          "psnr": 26.25857420812679,
          "ssim": 0.8422997608969484,
          "n": 79,
          "time": 0.0014041647126403036
        },
        "importance_only": {
          "psnr": 26.417061214205585,
          "ssim": 0.8486844248409513,
          "n": 79,
          "time": 0.001720853998691221
        },
        "snr_only": {
          "psnr": 26.493454752089104,
          "ssim": 0.855363818663585,
          "n": 79,
          "time": 0.0008698264254799372
        },
        "full": {
          "psnr": 26.45573111425472,
          "ssim": 0.8507369583166098,
          "n": 79,
          "time": 0.0017226677906664112
        }
      }
    }
  },
  "channel_context": {
    "1.0": {
      "1.0": {
        "gamma_eff_db": {
          "mean_of_means": -1.53857324093203,
          "mean_of_stds": 5.56353569634353,
          "global_min": -44.93436813354492,
          "global_max": 10.338266372680664
        },
        "gamma_eff_norm": {
          "mean_of_means": 0.44372752346569977,
          "mean_of_stds": 0.12168921011535427,
          "global_min": 0.010016676969826221,
          "global_max": 0.717850923538208
        },
        "h_abs2": {
          "mean_of_means": 0.9965055599997316,
          "mean_of_stds": 0.9732279868065556,
          "global_min": 2.550136559875682e-05,
          "global_max": 8.586706161499023
        },
        "posteq_noise_var": {
          "mean_of_means": 13.02846234961401,
          "mean_of_stds": 105.13789805279502,
          "global_min": 0.09250674396753311,
          "global_max": 31148.45703125
        },
        "eq_quality": {
          "mean_of_means": 1.2545262054552007,
          "mean_of_stds": 1.2252214716959604,
          "global_min": 3.210431896150112e-05,
          "global_max": 10.810022354125977
        },
        "channel_type": "rayleigh",
        "fading_equalize": true
      },
      "4.0": {
        "gamma_eff_db": {
          "mean_of_means": 1.4614266372179683,
          "mean_of_stds": 5.56353567823579,
          "global_min": -41.934364318847656,
          "global_max": 13.338266372680664
        },
        "gamma_eff_norm": {
          "mean_of_means": 0.4437275200704985,
          "mean_of_stds": 0.12168921020966542,
          "global_min": 0.010016676969826221,
          "global_max": 0.717850923538208
        },
        "h_abs2": {
          "mean_of_means": 0.9965055599997316,
          "mean_of_stds": 0.9732279868065556,
          "global_min": 2.550136559875682e-05,
          "global_max": 8.586706161499023
        },
        "posteq_noise_var": {
          "mean_of_means": 6.529698732533032,
          "mean_of_stds": 52.693771707860726,
          "global_min": 0.04636319726705551,
          "global_max": 15611.208984375
        },
        "eq_quality": {
          "mean_of_means": 2.5031089782714844,
          "mean_of_stds": 2.44463834430598,
          "global_min": 6.405654130503535e-05,
          "global_max": 21.568832397460938
        },
        "channel_type": "rayleigh",
        "fading_equalize": true
      },
      "7.0": {
        "gamma_eff_db": {
          "mean_of_means": 4.46142678622958,
          "mean_of_stds": 5.563535702379444,
          "global_min": -38.934364318847656,
          "global_max": 16.338266372680664
        },
        "gamma_eff_norm": {
          "mean_of_means": 0.4437275230884552,
          "mean_of_stds": 0.12168921049259886,
          "global_min": 0.010016676969826221,
          "global_max": 0.717850923538208
        },
        "h_abs2": {
          "mean_of_means": 0.9965055599997316,
          "mean_of_stds": 0.9732279868065556,
          "global_min": 2.550136559875682e-05,
          "global_max": 8.586706161499023
        },
        "posteq_noise_var": {
          "mean_of_means": 3.2726018398622925,