{
  "channel": "Rayleigh",
  "dataset": "cifar10",
  "image_size": 32,
  "rayleigh_equalize": true,
  "baseline_ckpt": "exp_ctx/ckpts_eq_baseline_Rayleigh_eq/baseline_best.pth",
  "fis_ckpts": {
    "linear": "exp_ctx/ckpts_eq_linear_Rayleigh_eq/fis_power_best.pth",
    "importance_only": "exp_ctx/ckpts_eq_importance_only_Rayleigh_eq/fis_power_best.pth",
    "snr_only": "exp_ctx/ckpts_eq_baseline_Rayleigh_eq/baseline_best.pth",
    "full": "exp_ctx/ckpts_eq_full_Rayleigh_eq/fis_power_best.pth"
  },
  "results": {
    "1.0": {
      "1.0": {
        "baseline": {
          "psnr": 19.54049402550806,
          "ssim": 0.6367943211446835,
          "n": 79,
          "time": 0.011405048491079596
        },
        "linear": {
          "psnr": 21.499597066565403,
          "ssim": 0.7168374536912653,
          "n": 79,
          "time": 0.01576452617403827
        },
        "importance_only": {
          "psnr": 21.4280587691295,
          "ssim": 0.7146029140375838,
          "n": 79,
          "time": 0.028781972353971456
        },
        "snr_only": {
          "psnr": 19.526369191423246,
          "ssim": 0.6365028748029395,
          "n": 79,
          "time": 0.013266216350507133
        },
        "full": {
          "psnr": 21.452826318861565,
          "ssim": 0.71511612813684,
          "n": 79,
          "time": 0.028075637696664546
        }
      },
      "4.0": {
        "baseline": {
          "psnr": 21.001825477503523,
          "ssim": 0.6881573396393016,
          "n": 79,
          "time": 0.004866080948069126
        },
        "linear": {
          "psnr": 23.024831482126743,
          "ssim": 0.7649770145174823,
          "n": 79,
          "time": 0.016851775253875347
        },
        "importance_only": {
          "psnr": 22.95654538311536,
          "ssim": 0.7628033138528655,
          "n": 79,
          "time": 0.028150908554656597
        },
        "snr_only": {
          "psnr": 20.993799185451074,
          "ssim": 0.687938392162323,
          "n": 79,
          "time": 0.013622715503354615
        },
        "full": {
          "psnr": 22.96086492417734,
          "ssim": 0.7634421013578584,
          "n": 79,
          "time": 0.027128512346291843
        }
      },
      "7.0": {
        "baseline": {
          "psnr": 22.257687484161764,
          "ssim": 0.725890883916541,
          "n": 79,
          "time": 0.005591350265696079
        },
        "linear": {
          "psnr": 24.42613222629209,
          "ssim": 0.8023920217646828,
          "n": 79,
          "time": 0.0154716908177243
        },
        "importance_only": {
          "psnr": 24.3531612203091,
          "ssim": 0.8003879363023783,
          "n": 79,
          "time": 0.024736235413370253
        },
        "snr_only": {
          "psnr": 22.25669894640959,
          "ssim": 0.7257682650904113,
          "n": 79,
          "time": 0.011604046519798569
        },
        "full": {
          "psnr": 24.34151765364635,
          "ssim": 0.8012338046786152,
          "n": 79,
          "time": 0.02649951584731476
        }
      },
      "10.0": {
        "baseline": {
          "psnr": 23.24951266035249,
          "ssim": 0.7519476202469838,
          "n": 79,
          "time": 0.005139248280585567
        },
        "linear": {
          "psnr": 25.611415500882305,
          "ssim": 0.8296119072769261,
          "n": 79,
          "time": 0.015968132622634308
        },
        "importance_only": {
          "psnr": 25.524519425404222,
          "ssim": 0.8276790154131153,
          "n": 79,
          "time": 0.027102346661724622
        },
        "snr_only": {
          "psnr": 23.24926731254481,
          "ssim": 0.7518792937073526,
          "n": 79,
          "time": 0.013502887532680849
        },
        "full": {
          "psnr": 25.519254491299012,
          "ssim": 0.8288414576385594,
          "n": 79,
          "time": 0.02613807629935349
        }
      },
      "13.0": {
        "baseline": {
          "psnr": 23.965436404264427,
          "ssim": 0.7689919117130811,
          "n": 79,
          "time": 0.004869014401979084
        },
        "linear": {
          "psnr": 26.524168811266936,
          "ssim": 0.8482592452930499,
          "n": 79,
          "time": 0.01309341116796566
        },
        "importance_only": {
          "psnr": 26.430315162562117,
          "ssim": 0.8463496739351297,
          "n": 79,
          "time": 0.024425874782513967
        },
        "snr_only": {
          "psnr": 23.963576811778395,
          "ssim": 0.7689850277538541,
          "n": 79,
          "time": 0.013667384280434137
        },
        "full": {
          "psnr": 26.437719586529308,
          "ssim": 0.8478090310398536,
          "n": 79,
          "time": 0.028286037565786626
        }
      }
    }
  },
  "channel_context": {
    "1.0": {
      "1.0": {
        "gamma_eff_db": {
          "mean_of_means": -1.53857324093203,
          "mean_of_stds": 5.56353569634353,
          "global_min": -44.93436813354492,
          "global_max": 10.338266372680664
        },
        "gamma_eff_norm": {
          "mean_of_means": 0.0,
          "mean_of_stds": 0.0,
          "global_min": 0.0,
          "global_max": 0.0
        },
        "h_abs2": {
          "mean_of_means": 0.9965055599997316,
          "mean_of_stds": 0.9732279868065556,
          "global_min": 2.550136559875682e-05,
          "global_max": 8.586706161499023
        },
        "posteq_noise_var": {
          "mean_of_means": 13.02846234961401,
          "mean_of_stds": 105.13789805279502,
          "global_min": 0.09250674396753311,
          "global_max": 31148.45703125
        },
        "eq_quality": {
          "mean_of_means": 1.2545262054552007,
          "mean_of_stds": 1.2252214716959604,
          "global_min": 3.210431896150112e-05,
          "global_max": 10.810022354125977
        },
        "channel_type": "rayleigh",
        "fading_equalize": true
      },
      "4.0": {
        "gamma_eff_db": {
          "mean_of_means": 1.4614266372179683,
          "mean_of_stds": 5.56353567823579,
          "global_min": -41.934364318847656,
          "global_max": 13.338266372680664
        },
        "gamma_eff_norm": {
          "mean_of_means": 0.0,
          "mean_of_stds": 0.0,
          "global_min": 0.0,
          "global_max": 0.0
        },
        "h_abs2": {
          "mean_of_means": 0.9965055599997316,
          "mean_of_stds": 0.9732279868065556,
          "global_min": 2.550136559875682e-05,
          "global_max": 8.586706161499023
        },
        "posteq_noise_var": {
          "mean_of_means": 6.529698732533032,
          "mean_of_stds": 52.693771707860726,
          "global_min": 0.04636319726705551,
          "global_max": 15611.208984375
        },
        "eq_quality": {
          "mean_of_means": 2.5031089782714844,
          "mean_of_stds": 2.44463834430598,
          "global_min": 6.405654130503535e-05,
          "global_max": 21.568832397460938
        },
        "channel_type": "rayleigh",
        "fading_equalize": true
      },
      "7.0": {
        "gamma_eff_db": {
          "mean_of_means": 4.46142678622958,
          "mean_of_stds": 5.563535702379444,
          "global_min": -38.934364318847656,
          "global_max": 16.338266372680664
        },
        "gamma_eff_norm": {
          "mean_of_means": 0.0,
          "mean_of_stds": 0.0,
          "global_min": 0.0,
          "global_max": 0.0
        },
        "h_abs2": {
          "mean_of_means": 0.9965055599997316,
          "mean_of_stds": 0.9732279868065556,
          "global_min": 2.550136559875682e-05,
          "global_max": 8.586706161499023
        },
        "posteq_noise_var": {
          "mean_of_means": 3.2726018398622925,
          "mean_of_stds": 26.409448041946074,
          "global_min": 0.02323664352297783,
          "global_max": 7824.13916015625
        },
        "eq_quality": {
          "mean_of_means": 4.994358602958389,