{
  "channel": "Rayleigh",
  "dataset": "cifar10",
  "image_size": 32,
  "rayleigh_equalize": true,
  "baseline_ckpt": "exp_ctx/ckpts_eq_baseline_Rayleigh_eq/baseline_best.pth",
  "fis_ckpts": {
    "linear": "exp_ctx/ckpts_eq_linear_Rayleigh_eq/fis_power_best.pth",
    "importance_only": "exp_ctx/ckpts_eq_importance_only_Rayleigh_eq/fis_power_best.pth",
    "snr_only": "exp_ctx/ckpts_eq_baseline_Rayleigh_eq/baseline_best.pth",
    "full": "exp_ctx/ckpts_eq_full_Rayleigh_eq/fis_power_best.pth"
  },
  "results": {
    "1.0": {
      "1.0": {
        "baseline": {
          "psnr": 19.388809614543675,
          "ssim": 0.6336182740670216,
          "n": 79,
          "time": 0.004696085483213014
        },
        "linear": {
          "psnr": 21.483966730817965,
          "ssim": 0.7152405366112914,
          "n": 79,
          "time": 0.002187955228588249
        },
        "importance_only": {
          "psnr": 21.428050729292856,
          "ssim": 0.7112661154964303,
          "n": 79,
          "time": 0.0019817593731457674
        },
        "snr_only": {
          "psnr": 19.359536834909946,
          "ssim": 0.6334315945830526,
          "n": 79,
          "time": 0.001013188422480716
        },
        "full": {
          "psnr": 21.440950393676758,
          "ssim": 0.715203851084166,
          "n": 79,
          "time": 0.0019756449928766563
        }
      },
      "4.0": {
        "baseline": {
          "psnr": 20.917237559451333,
          "ssim": 0.6876981190488308,
          "n": 79,
          "time": 0.0009224022491068779
        },
        "linear": {
          "psnr": 22.98347646978837,
          "ssim": 0.7638739702067797,
          "n": 79,
          "time": 0.0015892167634601834
        },
        "importance_only": {
          "psnr": 22.918137852149673,
          "ssim": 0.7591917612884618,
          "n": 79,
          "time": 0.002013912683800806
        },
        "snr_only": {
          "psnr": 20.882718991629684,
          "ssim": 0.6874637294419205,
          "n": 79,
          "time": 0.0010378028773054293
        },
        "full": {
          "psnr": 22.948651736295677,
          "ssim": 0.7634212548219705,
          "n": 79,
          "time": 0.002018871186654779
        }
      },
      "7.0": {
        "baseline": {
          "psnr": 22.243786679038518,
          "ssim": 0.7277060407626478,
          "n": 79,
          "time": 0.0008355997785737243
        },
        "linear": {
          "psnr": 24.363551538201826,
          "ssim": 0.8017274277119697,
          "n": 79,
          "time": 0.0014622422713267652
        },
        "importance_only": {
          "psnr": 24.28025665766076,
          "ssim": 0.7964130534401422,
          "n": 79,
          "time": 0.0018860961817487886
        },
        "snr_only": {
          "psnr": 22.210575176190726,
          "ssim": 0.7275343741042705,
          "n": 79,
          "time": 0.0009375403199014784
        },
        "full": {
          "psnr": 24.334491729736328,
          "ssim": 0.8009574352940426,
          "n": 79,
          "time": 0.0018571298333662975
        }
      },
      "10.0": {
        "baseline": {
          "psnr": 23.298435911347596,
          "ssim": 0.7555108756958684,
          "n": 79,
          "time": 0.0009251485897015921
        },
        "linear": {
          "psnr": 25.534850615489333,
          "ssim": 0.8292316658587395,
          "n": 79,
          "time": 0.0018496543546266194
        },
        "importance_only": {
          "psnr": 25.42779454098472,
          "ssim": 0.8234372131432159,
          "n": 79,
          "time": 0.0025148904776271385
        },
        "snr_only": {
          "psnr": 23.272990721690505,
          "ssim": 0.7554018761538253,
          "n": 79,
          "time": 0.0012329982805855666
        },
        "full": {
          "psnr": 25.51207822485815,
          "ssim": 0.8282759891280645,
          "n": 79,
          "time": 0.002445139462434793
        }
      },
      "13.0": {
        "baseline": {
          "psnr": 24.06771652607978,
          "ssim": 0.7738443235807781,
          "n": 79,
          "time": 0.000944010819060893
        },
        "linear": {
          "psnr": 26.437165030950233,
          "ssim": 0.848070381562921,
          "n": 79,
          "time": 0.0018595472166809855
        },
        "importance_only": {
          "psnr": 26.3126332005368,
          "ssim": 0.8418409582934802,
          "n": 79,
          "time": 0.002492518364628659
        },
        "snr_only": {
          "psnr": 24.054145450833477,
          "ssim": 0.7737672396853,
          "n": 79,
          "time": 0.0011928051332884197
        },
        "full": {
          "psnr": 26.430378805232955,
          "ssim": 0.8470667811888682,
          "n": 79,
          "time": 0.0023934569539903086
        }
      }
    }
  },
  "channel_context": {
    "1.0": {
      "1.0": {
        "gamma_eff_db": {
          "mean_of_means": -1.53857324093203,
          "mean_of_stds": 5.56353569634353,
          "global_min": -44.93436813354492,
          "global_max": 10.338266372680664
        },
        "gamma_eff_norm": {
          "mean_of_means": 0.38779581724842893,
          "mean_of_stds": 0.14867725742014148,
          "global_min": 0.0,
          "global_max": 0.7239504456520081
        },
        "h_abs2": {
          "mean_of_means": 0.9965055599997316,
          "mean_of_stds": 0.9732279868065556,
          "global_min": 2.550136559875682e-05,
          "global_max": 8.586706161499023
        },
        "posteq_noise_var": {
          "mean_of_means": 13.02846234961401,
          "mean_of_stds": 105.13789805279502,
          "global_min": 0.09250674396753311,
          "global_max": 31148.45703125
        },
        "eq_quality": {
          "mean_of_means": 1.2545262054552007,
          "mean_of_stds": 1.2252214716959604,
          "global_min": 3.210431896150112e-05,
          "global_max": 10.810022354125977
        },
        "channel_type": "rayleigh",
        "fading_equalize": true
      },
      "4.0": {
        "gamma_eff_db": {
          "mean_of_means": 1.4614266372179683,
          "mean_of_stds": 5.56353567823579,
          "global_min": -41.934364318847656,
          "global_max": 13.338266372680664
        },
        "gamma_eff_norm": {
          "mean_of_means": 0.471988478416129,
          "mean_of_stds": 0.15281995848009858,
          "global_min": 0.0,
          "global_max": 0.809664785861969
        },
        "h_abs2": {
          "mean_of_means": 0.9965055599997316,
          "mean_of_stds": 0.9732279868065556,
          "global_min": 2.550136559875682e-05,
          "global_max": 8.586706161499023
        },
        "posteq_noise_var": {
          "mean_of_means": 6.529698732533032,
          "mean_of_stds": 52.693771707860726,
          "global_min": 0.04636319726705551,
          "global_max": 15611.208984375
        },
        "eq_quality": {
          "mean_of_means": 2.5031089782714844,
          "mean_of_stds": 2.44463834430598,
          "global_min": 6.405654130503535e-05,
          "global_max": 21.568832397460938
        },
        "channel_type": "rayleigh",
        "fading_equalize": true
      },
      "7.0": {
        "gamma_eff_db": {
          "mean_of_means": 4.46142678622958,
          "mean_of_stds": 5.563535702379444,
          "global_min": -38.934364318847656,
          "global_max": 16.338266372680664
        },
        "gamma_eff_norm": {
          "mean_of_means": 0.5569672116750404,
          "mean_of_stds": 0.15513938589941098,
          "global_min": 0.0,
          "global_max": 0.8953790664672852
        },
        "h_abs2": {
          "mean_of_means": 0.9965055599997316,
          "mean_of_stds": 0.9732279868065556,
          "global_min": 2.550136559875682e-05,
          "global_max": 8.586706161499023
        },
        "posteq_noise_var": {
          "mean_of_means": 3.2726018398622925,
          "mean_of_stds": 26.409448041946074,