{
  "channel": "Rayleigh",
  "dataset": "cifar10",
  "image_size": 32,
  "rayleigh_equalize": true,
  "baseline_ckpt": "exp_ctx/ckpts_eq_baseline_Rayleigh_eq/baseline_best.pth",
  "fis_ckpts": {
    "linear": "exp_ctx/ckpts_eq_linear_Rayleigh_eq/fis_power_best.pth",
    "importance_only": "exp_ctx/ckpts_eq_importance_only_Rayleigh_eq/fis_power_best.pth",
    "snr_only": "exp_ctx/ckpts_eq_snr_only_Rayleigh_eq/fis_power_best.pth",
    "full": "exp_ctx/ckpts_eq_full_Rayleigh_eq/fis_power_best.pth"
  },
  "results": {
    "1.0": {
      "1.0": {
        "baseline": {
          "psnr": 19.875096743619896,
          "ssim": 0.6422406336929225,
          "n": 79,
          "time": 0.0060550110249579705
        },
        "linear": {
          "psnr": 20.910410265379316,
          "ssim": 0.6776887661294092,
          "n": 79,
          "time": 0.0039915736717513845
        },
        "importance_only": {
          "psnr": 20.918662010868893,
          "ssim": 0.6775786665421498,
          "n": 79,
          "time": 0.0048953490921213655
        },
        "snr_only": {
          "psnr": 19.84811263748362,
          "ssim": 0.6416642371612259,
          "n": 79,
          "time": 0.0018218287938757789
        },
        "full": {
          "psnr": 20.912981057468848,
          "ssim": 0.677247019508217,
          "n": 79,
          "time": 0.004565836508062821
        }
      },
      "4.0": {
        "baseline": {
          "psnr": 21.39905931979795,
          "ssim": 0.6932308613499508,
          "n": 79,
          "time": 0.0016294340544109104
        },
        "linear": {
          "psnr": 22.266495861584627,
          "ssim": 0.7204676587370378,
          "n": 79,
          "time": 0.0029483867596976363
        },
        "importance_only": {
          "psnr": 22.27127584626403,
          "ssim": 0.7204327673851689,
          "n": 79,
          "time": 0.004059951516646373
        },
        "snr_only": {
          "psnr": 21.373980968813353,
          "ssim": 0.6926919697206232,
          "n": 79,
          "time": 0.0015070559103277665
        },
        "full": {
          "psnr": 22.2625634640078,
          "ssim": 0.7199413165261473,
          "n": 79,
          "time": 0.003758738312540175
        }
      },
      "7.0": {
        "baseline": {
          "psnr": 22.691504490526416,
          "ssim": 0.730342833301689,
          "n": 79,
          "time": 0.0022016537340381476
        },
        "linear": {
          "psnr": 23.421746773055837,
          "ssim": 0.7519579484492918,
          "n": 79,
          "time": 0.004100654698625396
        },
        "importance_only": {
          "psnr": 23.424971109704128,
          "ssim": 0.751972903179217,
          "n": 79,
          "time": 0.005844170534158055
        },
        "snr_only": {
          "psnr": 22.669100242325023,
          "ssim": 0.729984730859346,
          "n": 79,
          "time": 0.0018973652320572092
        },
        "full": {
          "psnr": 23.415417490126213,
          "ssim": 0.7513981846314443,
          "n": 79,
          "time": 0.004813028287283982
        }
      },
      "10.0": {
        "baseline": {
          "psnr": 23.692701049997837,
          "ssim": 0.7558163434644288,
          "n": 79,
          "time": 0.002366645426689824
        },
        "linear": {
          "psnr": 24.326296528683432,
          "ssim": 0.7738056545016132,
          "n": 79,
          "time": 0.004739583293093911
        },
        "importance_only": {
          "psnr": 24.327366502979135,
          "ssim": 0.7737868390505827,
          "n": 79,
          "time": 0.0071428667140912405
        },
        "snr_only": {
          "psnr": 23.67529560040824,
          "ssim": 0.7555900510353378,
          "n": 79,
          "time": 0.0025515767592418043
        },
        "full": {
          "psnr": 24.31431350225135,
          "ssim": 0.7731944254682034,
          "n": 79,
          "time": 0.006322558922103688
        }
      },
      "13.0": {
        "baseline": {
          "psnr": 24.396114759807347,
          "ssim": 0.7723901807507382,
          "n": 79,
          "time": 0.0011919570874564256
        },
        "linear": {
          "psnr": 24.967598951315576,
          "ssim": 0.7881573551817785,
          "n": 79,
          "time": 0.0021401538124567344
        },
        "importance_only": {
          "psnr": 24.971819865552686,
          "ssim": 0.7881157692474655,
          "n": 79,
          "time": 0.002230786070039001
        },
        "snr_only": {
          "psnr": 24.38555814042876,
          "ssim": 0.772257534763481,
          "n": 79,
          "time": 0.0009521170507503461
        },
        "full": {
          "psnr": 24.95660139639166,
          "ssim": 0.7875384047061582,
          "n": 79,
          "time": 0.0022474180293988576
        }
      }
    }
  },
  "channel_context": {
    "1.0": {
      "1.0": {
        "gamma_eff_db": {
          "mean_of_means": -1.53857324093203,
          "mean_of_stds": 5.56353569634353,
          "global_min": -44.93436813354492,
          "global_max": 10.338266372680664
        },
        "gamma_eff_norm": {
          "mean_of_means": 0.38779581724842893,
          "mean_of_stds": 0.14867725742014148,
          "global_min": 0.0,
          "global_max": 0.7239504456520081
        },
        "channel_rel": {
          "mean_of_means": 0.39508478173726724,
          "mean_of_stds": 0.17811073890969722,
          "global_min": 0.004973094444721937,
          "global_max": 0.7833578586578369
        },
        "h_abs2": {
          "mean_of_means": 0.9965055599997316,
          "mean_of_stds": 0.9732279868065556,
          "global_min": 2.550136559875682e-05,
          "global_max": 8.586706161499023
        },
        "noise_var": {
          "mean_of_means": 0.7943282127380371,
          "mean_of_stds": 0.0,
          "global_min": 0.7943282127380371,
          "global_max": 0.7943282127380371
        },
        "posteq_noise_var": {
          "mean_of_means": 4.04049050657055,
          "mean_of_stds": 9.833212007450152,
          "global_min": 0.09250674396753311,
          "global_max": 79.43282318115234
        },
        "eq_quality": {
          "mean_of_means": 1.2545871017854424,
          "mean_of_stds": 1.2251601739774776,
          "global_min": 0.012589254416525364,
          "global_max": 10.810022354125977
        },
        "channel_type": "rayleigh",
        "fading_equalize": true
      },
      "4.0": {
        "gamma_eff_db": {
          "mean_of_means": 1.4614266372179683,
          "mean_of_stds": 5.56353567823579,
          "global_min": -41.934364318847656,
          "global_max": 13.338266372680664
        },
        "gamma_eff_norm": {
          "mean_of_means": 0.471988478416129,
          "mean_of_stds": 0.15281995848009858,
          "global_min": 0.0,
          "global_max": 0.809664785861969
        },
        "channel_rel": {
          "mean_of_means": 0.4483385357675673,
          "mean_of_stds": 0.1827672640734081,
          "global_min": 0.009801347739994526,
          "global_max": 0.7995038628578186
        },
        "h_abs2": {
          "mean_of_means": 0.9965055599997316,
          "mean_of_stds": 0.9732279868065556,
          "global_min": 2.550136559875682e-05,
          "global_max": 8.586706161499023
        },
        "noise_var": {
          "mean_of_means": 0.3981071412563324,
          "mean_of_stds": 0.0,
          "global_min": 0.3981071412563324,
          "global_max": 0.3981071412563324
        },
        "posteq_noise_var": {
          "mean_of_means": 2.0250421611568594,
          "mean_of_stds": 4.928280074385148,
          "global_min": 0.04636319726705551,
          "global_max": 39.81071472167969
        },
        "eq_quality": {
          "mean_of_means": 2.503230511387692,
          "mean_of_stds": 2.4445160174671607,
          "global_min": 0.025118865072727203,
          "global_max": 21.568832397460938
        },
        "channel_type": "rayleigh",