{
  "channel": "Rayleigh",
  "dataset": "cifar10",
  "image_size": 32,
  "rayleigh_equalize": true,
  "baseline_ckpt": "exp_ctx/ckpts_eq_baseline_Rayleigh_eq/baseline_best.pth",
  "fis_ckpts": {
    "linear": "exp_ctx/ckpts_eq_linear_Rayleigh_eq/fis_power_best.pth",
    "importance_only": "exp_ctx/ckpts_eq_importance_only_Rayleigh_eq/fis_power_best.pth",
    "snr_only": "exp_ctx/ckpts_eq_baseline_Rayleigh_eq/baseline_best.pth",
    "full": "exp_ctx/ckpts_eq_full_Rayleigh_eq/fis_power_best.pth"
  },
  "results": {
    "1.0": {
      "1.0": {
        "baseline": {
          "psnr": 19.508092204226724,
          "ssim": 0.6372390562974954,
          "n": 79,
          "time": 0.005707333359537246
        },
        "linear": {
          "psnr": 20.849865973750248,
          "ssim": 0.676006296012975,
          "n": 79,
          "time": 0.004466382763053798
        },
        "importance_only": {
          "psnr": 20.84641166880161,
          "ssim": 0.6758425695986687,
          "n": 79,
          "time": 0.0047885224789003785
        },
        "snr_only": {
          "psnr": 19.477876252765896,
          "ssim": 0.6367989793608461,
          "n": 79,
          "time": 0.002568223808385149
        },
        "full": {
          "psnr": 20.85877604424199,
          "ssim": 0.6759422459179842,
          "n": 79,
          "time": 0.004741004750698428
        }
      },
      "4.0": {
        "baseline": {
          "psnr": 21.077004734473892,
          "ssim": 0.689608313614809,
          "n": 79,
          "time": 0.0015270830709722977
        },
        "linear": {
          "psnr": 22.198149910456017,
          "ssim": 0.7186316304569003,
          "n": 79,
          "time": 0.003978225249278394
        },
        "importance_only": {
          "psnr": 22.19610076614573,
          "ssim": 0.7186265082298955,
          "n": 79,
          "time": 0.004601913162424595
        },
        "snr_only": {
          "psnr": 21.047720414173753,
          "ssim": 0.689195034624655,
          "n": 79,
          "time": 0.0021287519720536246
        },
        "full": {
          "psnr": 22.198704176311253,
          "ssim": 0.7185837898073317,
          "n": 79,
          "time": 0.004892759685274921
        }
      },
      "7.0": {
        "baseline": {
          "psnr": 22.426147919666917,
          "ssim": 0.7277031842666336,
          "n": 79,
          "time": 0.0015621909612341773
        },
        "linear": {
          "psnr": 23.354039542282685,
          "ssim": 0.7503473306004005,
          "n": 79,
          "time": 0.0036063254634036293
        },
        "importance_only": {
          "psnr": 23.359472443785847,
          "ssim": 0.7503897155387492,
          "n": 79,
          "time": 0.004375478889368758
        },
        "snr_only": {
          "psnr": 22.4020503563217,
          "ssim": 0.7273861984663372,
          "n": 79,
          "time": 0.002433194389826135
        },
        "full": {
          "psnr": 23.35674293131768,
          "ssim": 0.750360953656933,
          "n": 79,
          "time": 0.005617651758314688
        }
      },
      "10.0": {
        "baseline": {
          "psnr": 23.489129319975646,
          "ssim": 0.7537800858292398,
          "n": 79,
          "time": 0.001501086391980135
        },
        "linear": {
          "psnr": 24.265818052654026,
          "ssim": 0.7725143221360219,
          "n": 79,
          "time": 0.00369450110423414
        },
        "importance_only": {
          "psnr": 24.275847978229763,
          "ssim": 0.7725511819501466,
          "n": 79,
          "time": 0.0048432531236093255
        },
        "snr_only": {
          "psnr": 23.4700556887856,
          "ssim": 0.7535676126238666,
          "n": 79,
          "time": 0.002241822737681715
        },
        "full": {
          "psnr": 24.275385482401788,
          "ssim": 0.7725559827647631,
          "n": 79,
          "time": 0.0046908342385593845
        }
      },
      "13.0": {
        "baseline": {
          "psnr": 24.254884840566902,
          "ssim": 0.7707457572599,
          "n": 79,
          "time": 0.0014583973944941654
        },
        "linear": {
          "psnr": 24.927616167672074,
          "ssim": 0.7872298759750173,
          "n": 79,
          "time": 0.0037386598466317865
        },
        "importance_only": {
          "psnr": 24.937613282022596,
          "ssim": 0.7872107496744469,
          "n": 79,
          "time": 0.00443714781652523
        },
        "snr_only": {
          "psnr": 24.236933937555627,
          "ssim": 0.7706277355363097,
          "n": 79,
          "time": 0.002430297151396546
        },
        "full": {
          "psnr": 24.941130939918228,
          "ssim": 0.7872627362420287,
          "n": 79,
          "time": 0.004189349428007874
        }
      }
    }
  },
  "channel_context": {
    "1.0": {
      "1.0": {
        "gamma_eff_db": {
          "mean_of_means": -1.53857324093203,
          "mean_of_stds": 5.56353569634353,
          "global_min": -44.93436813354492,
          "global_max": 10.338266372680664
        },
        "gamma_eff_norm": {
          "mean_of_means": 0.38779581724842893,
          "mean_of_stds": 0.14867725742014148,
          "global_min": 0.0,
          "global_max": 0.7239504456520081
        },
        "h_abs2": {
          "mean_of_means": 0.9965055599997316,
          "mean_of_stds": 0.9732279868065556,
          "global_min": 2.550136559875682e-05,
          "global_max": 8.586706161499023
        },
        "posteq_noise_var": {
          "mean_of_means": 13.02846234961401,
          "mean_of_stds": 105.13789805279502,
          "global_min": 0.09250674396753311,
          "global_max": 31148.45703125
        },
        "eq_quality": {
          "mean_of_means": 1.2545262054552007,
          "mean_of_stds": 1.2252214716959604,
          "global_min": 3.210431896150112e-05,
          "global_max": 10.810022354125977
        },
        "channel_type": "rayleigh",
        "fading_equalize": true
      },
      "4.0": {
        "gamma_eff_db": {
          "mean_of_means": 1.4614266372179683,
          "mean_of_stds": 5.56353567823579,
          "global_min": -41.934364318847656,
          "global_max": 13.338266372680664
        },
        "gamma_eff_norm": {
          "mean_of_means": 0.471988478416129,
          "mean_of_stds": 0.15281995848009858,
          "global_min": 0.0,
          "global_max": 0.809664785861969
        },
        "h_abs2": {
          "mean_of_means": 0.9965055599997316,
          "mean_of_stds": 0.9732279868065556,
          "global_min": 2.550136559875682e-05,
          "global_max": 8.586706161499023
        },
        "posteq_noise_var": {
          "mean_of_means": 6.529698732533032,
          "mean_of_stds": 52.693771707860726,
          "global_min": 0.04636319726705551,
          "global_max": 15611.208984375
        },
        "eq_quality": {
          "mean_of_means": 2.5031089782714844,
          "mean_of_stds": 2.44463834430598,
          "global_min": 6.405654130503535e-05,
          "global_max": 21.568832397460938
        },
        "channel_type": "rayleigh",
        "fading_equalize": true
      },
      "7.0": {
        "gamma_eff_db": {
          "mean_of_means": 4.46142678622958,
          "mean_of_stds": 5.563535702379444,
          "global_min": -38.934364318847656,
          "global_max": 16.338266372680664
        },
        "gamma_eff_norm": {
          "mean_of_means": 0.5569672116750404,
          "mean_of_stds": 0.15513938589941098,
          "global_min": 0.0,
          "global_max": 0.8953790664672852
        },
        "h_abs2": {
          "mean_of_means": 0.9965055599997316,
          "mean_of_stds": 0.9732279868065556,
          "global_min": 2.550136559875682e-05,
          "global_max": 8.586706161499023
        },
        "posteq_noise_var": {
          "mean_of_means": 3.2726018398622925,
          "mean_of_stds": 26.409448041946074,
          "global_min": 0.02323664352297783,