{
  "channel": "Rayleigh",
  "dataset": "cifar10",
  "image_size": 32,
  "rayleigh_equalize": true,
  "baseline_ckpt": "exp_ctx/ckpts_eq_baseline_Rayleigh_eq/baseline_best.pth",
  "fis_ckpts": {
    "linear": "exp_ctx/ckpts_eq_linear_Rayleigh_eq/fis_power_best.pth",
    "importance_only": "exp_ctx/ckpts_eq_importance_only_Rayleigh_eq/fis_power_best.pth",
    "snr_only": "exp_ctx/ckpts_eq_baseline_Rayleigh_eq/baseline_best.pth",
    "full": "exp_ctx/ckpts_eq_full_Rayleigh_eq/fis_power_best.pth"
  },
  "results": {
    "1.0": {
      "1.0": {
        "baseline": {
          "psnr": 19.516329125513003,
          "ssim": 0.6350180612334723,
          "n": 79,
          "time": 0.011036625391320337
        },
        "linear": {
          "psnr": 20.90311441542227,
          "ssim": 0.6799523264546937,
          "n": 79,
          "time": 0.01420584811439997
        },
        "importance_only": {
          "psnr": 20.91026779367954,
          "ssim": 0.6798945069313049,
          "n": 79,
          "time": 0.021300315856933594
        },
        "snr_only": {
          "psnr": 19.489197429222397,
          "ssim": 0.634682090222081,
          "n": 79,
          "time": 0.010353106486646436
        },
        "full": {
          "psnr": 20.90748567219022,
          "ssim": 0.6800750094124034,
          "n": 79,
          "time": 0.020213229746758182
        }
      },
      "4.0": {
        "baseline": {
          "psnr": 21.022597276711767,
          "ssim": 0.6876290923432459,
          "n": 79,
          "time": 0.004311265824716302
        },
        "linear": {
          "psnr": 22.268576634081104,
          "ssim": 0.7234175801277161,
          "n": 79,
          "time": 0.012007299857803537
        },
        "importance_only": {
          "psnr": 22.26910332788395,
          "ssim": 0.7233276155930531,
          "n": 79,
          "time": 0.023404900031753734
        },
        "snr_only": {
          "psnr": 20.995186962658845,
          "ssim": 0.6873514093930209,
          "n": 79,
          "time": 0.011589008041574984
        },
        "full": {
          "psnr": 22.27114991296696,
          "ssim": 0.723428799381739,
          "n": 79,
          "time": 0.02406682243830041
        }
      },
      "7.0": {
        "baseline": {
          "psnr": 22.330787296536602,
          "ssim": 0.7264839901199823,
          "n": 79,
          "time": 0.00460876694208459
        },
        "linear": {
          "psnr": 23.45127728619153,
          "ssim": 0.7558416060254544,
          "n": 79,
          "time": 0.017021831077865406
        },
        "importance_only": {
          "psnr": 23.45176711263536,
          "ssim": 0.7557557481753675,
          "n": 79,
          "time": 0.031572519978390466
        },
        "snr_only": {
          "psnr": 22.304793490639216,
          "ssim": 0.7263272321676906,
          "n": 79,
          "time": 0.01569859287406825
        },
        "full": {
          "psnr": 23.454796199557148,
          "ssim": 0.75578218321257,
          "n": 79,
          "time": 0.029428614845758753
        }
      },
      "10.0": {
        "baseline": {
          "psnr": 23.367233928245835,
          "ssim": 0.7534715352179129,
          "n": 79,
          "time": 0.0046357565288302266
        },
        "linear": {
          "psnr": 24.38940132720561,
          "ssim": 0.7785591347308098,
          "n": 79,
          "time": 0.014830984646760964
        },
        "importance_only": {
          "psnr": 24.393429744092725,
          "ssim": 0.778484518014932,
          "n": 79,
          "time": 0.029991599577891676
        },
        "snr_only": {
          "psnr": 23.346744344204286,
          "ssim": 0.7533806222903577,
          "n": 79,
          "time": 0.01567580126508882
        },
        "full": {
          "psnr": 24.398004411142082,
          "ssim": 0.7784859975682029,
          "n": 79,
          "time": 0.029606345333630525
        }
      },
      "13.0": {
        "baseline": {
          "psnr": 24.118018210688724,
          "ssim": 0.7712406878229938,
          "n": 79,
          "time": 0.00431122055536584
        },
        "linear": {
          "psnr": 25.073021755942815,
          "ssim": 0.7936708512185495,
          "n": 79,
          "time": 0.015348392196848422
        },
        "importance_only": {
          "psnr": 25.07973929296566,
          "ssim": 0.793577608428424,
          "n": 79,
          "time": 0.02937074250812772
        },
        "snr_only": {
          "psnr": 24.10506854479826,
          "ssim": 0.7711734711369381,
          "n": 79,
          "time": 0.014556048791619796
        },
        "full": {
          "psnr": 25.083477382418476,
          "ssim": 0.7935708700856076,
          "n": 79,
          "time": 0.028484130207496353
        }
      }
    }
  },
  "channel_context": {
    "1.0": {
      "1.0": {
        "gamma_eff_db": {
          "mean_of_means": -1.53857324093203,
          "mean_of_stds": 5.56353569634353,
          "global_min": -44.93436813354492,
          "global_max": 10.338266372680664
        },
        "gamma_eff_norm": {
          "mean_of_means": 0.38779581724842893,
          "mean_of_stds": 0.14867725742014148,
          "global_min": 0.0,
          "global_max": 0.7239504456520081
        },
        "h_abs2": {
          "mean_of_means": 0.9965055599997316,
          "mean_of_stds": 0.9732279868065556,
          "global_min": 2.550136559875682e-05,
          "global_max": 8.586706161499023
        },
        "posteq_noise_var": {
          "mean_of_means": 13.02846234961401,
          "mean_of_stds": 105.13789805279502,
          "global_min": 0.09250674396753311,
          "global_max": 31148.45703125
        },
        "eq_quality": {
          "mean_of_means": 1.2545262054552007,
          "mean_of_stds": 1.2252214716959604,
          "global_min": 3.210431896150112e-05,
          "global_max": 10.810022354125977
        },
        "channel_type": "rayleigh",
        "fading_equalize": true
      },
      "4.0": {
        "gamma_eff_db": {
          "mean_of_means": 1.4614266372179683,
          "mean_of_stds": 5.56353567823579,
          "global_min": -41.934364318847656,
          "global_max": 13.338266372680664
        },
        "gamma_eff_norm": {
          "mean_of_means": 0.471988478416129,
          "mean_of_stds": 0.15281995848009858,
          "global_min": 0.0,
          "global_max": 0.809664785861969
        },
        "h_abs2": {
          "mean_of_means": 0.9965055599997316,
          "mean_of_stds": 0.9732279868065556,
          "global_min": 2.550136559875682e-05,
          "global_max": 8.586706161499023
        },
        "posteq_noise_var": {
          "mean_of_means": 6.529698732533032,
          "mean_of_stds": 52.693771707860726,
          "global_min": 0.04636319726705551,
          "global_max": 15611.208984375
        },
        "eq_quality": {
          "mean_of_means": 2.5031089782714844,
          "mean_of_stds": 2.44463834430598,
          "global_min": 6.405654130503535e-05,
          "global_max": 21.568832397460938
        },
        "channel_type": "rayleigh",
        "fading_equalize": true
      },
      "7.0": {
        "gamma_eff_db": {
          "mean_of_means": 4.46142678622958,
          "mean_of_stds": 5.563535702379444,
          "global_min": -38.934364318847656,
          "global_max": 16.338266372680664
        },
        "gamma_eff_norm": {
          "mean_of_means": 0.5569672116750404,
          "mean_of_stds": 0.15513938589941098,
          "global_min": 0.0,
          "global_max": 0.8953790664672852
        },
        "h_abs2": {
          "mean_of_means": 0.9965055599997316,
          "mean_of_stds": 0.9732279868065556,
          "global_min": 2.550136559875682e-05,
          "global_max": 8.586706161499023
        },
        "posteq_noise_var": {
          "mean_of_means": 3.2726018398622925,
          "mean_of_stds": 26.409448041946074,
          "global_min": 0.02323664352297783,