{
  "A_std": 0.06826863065361977,
  "A_range": 0.21974353678524494,
  "I_A_corr": 0.9970794692635536,
  "channel_rel_mean": 0.6285714507102966,
  "delta_mean": 0.2768571376800537,
  "score_abs_mean": 0.21921798028051853
}