{
  "A_std": 4.8491377580006656e-08,
  "A_range": 1.735752448439598e-07,
  "I_A_corr": 0.8056848049163818,
  "channel_rel_mean": 1.0,
  "delta_mean": 0.1680000126361847,
  "score_abs_mean": 0.28579939901828766
}