{
  "A_std": 0.007051088381558657,
  "A_range": 0.02318891230970621,
  "I_A_corr": 0.9978384673595428,
  "channel_rel_mean": 1.0,
  "delta_mean": 0.042000025510787964,
  "score_abs_mean": 0.14495487697422504
}