{
  "A_std": 0.014732112060301006,
  "A_range": 0.04252503393217921,
  "I_A_corr": -0.9707405492663383,
  "channel_rel_mean": 0.6285714507102966,
  "delta_mean": 0.2768571376800537,
  "score_abs_mean": 0.047074053436517715
}