{
  "A_std": 0.011545900721102953,
  "A_range": 0.0352608491666615,
  "I_A_corr": -0.9813773185014725,
  "channel_rel_mean": 0.6285714507102966,
  "delta_mean": 0.2768571376800537,
  "score_abs_mean": 0.036495096515864134
}