{
  "layer1": [
    0.08844372630119324,
    0.060237906873226166,
    0.1152249425649643,
    0.13038767874240875,
    0.41993284225463867,
    0.09837465733289719,
    0.08739829063415527
  ],
  "layer2": [
    0.054764047265052795,
    0.13769707083702087,
    0.12444180250167847,
    0.08335272967815399,
    0.29203277826309204,
    0.3077116012573242
  ]
}