{
  "layer1": [
    0.10393459349870682,
    0.06350892782211304,
    0.13605397939682007,
    0.14726746082305908,
    0.34452351927757263,
    0.10795453190803528,
    0.0967569649219513
  ],
  "layer2": [
    0.05708528310060501,
    0.154182568192482,
    0.1387232542037964,
    0.08356107771396637,
    0.2965353727340698,
    0.2699125111103058
  ]
}