{
  "layer1": [
    0.08657296001911163,
    0.059958137571811676,
    0.11443863809108734,
    0.12860220670700073,
    0.4232238233089447,
    0.09854310750961304,
    0.08866114169359207
  ],
  "layer2": [
    0.05460177734494209,
    0.13668976724147797,
    0.12358184158802032,
    0.0834222361445427,
    0.2922670543193817,
    0.3094373047351837
  ]
}