{
  "layer1": [
    0.09031994640827179,
    0.06032596156001091,
    0.11709486693143845,
    0.13115893304347992,
    0.41234052181243896,
    0.099546879529953,
    0.08921291679143906
  ],
  "layer2": [
    0.04521958902478218,
    0.05466889217495918,
    0.1741912066936493,
    0.045498237013816833,
    0.32755324244499207,
    0.35286885499954224
  ]
}