{
  "layer1": [
    0.08744750916957855,
    0.060919951647520065,
    0.11584962159395218,
    0.12824562191963196,
    0.4207093417644501,
    0.09880552440881729,
    0.08802246302366257
  ],
  "layer2": [
    0.04520861804485321,
    0.05446140095591545,
    0.17159123718738556,
    0.045489270240068436,
    0.3262499272823334,
    0.35699957609176636
  ]
}