{
  "layer1": [
    0.0889732763171196,
    0.060175325721502304,
    0.11757612973451614,
    0.13103535771369934,
    0.41335204243659973,
    0.0998862162232399,
    0.08900166302919388
  ],
  "layer2": [
    0.045198116451501846,
    0.05457782745361328,
    0.17329496145248413,
    0.04547908157110214,
    0.32786446809768677,
    0.3535855710506439
  ]
}