{
  "layer1": [
    0.08687438815832138,
    0.06175753101706505,
    0.11335229873657227,
    0.12738393247127533,
    0.420636922121048,
    0.09607847034931183,
    0.09391643851995468
  ],
  "layer2": [
    0.04520262032747269,
    0.054496459662914276,
    0.1721370667219162,
    0.04548334702849388,
    0.32677125930786133,
    0.3559092581272125
  ]
}