{
  "layer1": [
    0.12138490378856659,
    0.06549134850502014,
    0.14548946917057037,
    0.15783928334712982,
    0.2877451479434967,
    0.10400308668613434,
    0.11804676055908203
  ],
  "layer2": [
    0.08633562177419662,
    0.1737350970506668,
    0.08633562177419662,
    0.13934172689914703,
    0.3062726557254791,
    0.20797927677631378
  ]
}