{
  "A_std": 0.011390379047952592,
  "A_range": 0.04060791851952672,
  "I_A_corr": -0.999979667365551,
  "channel_rel_mean": 0.553628958761692,
  "delta_mean": 0.0,
  "score_abs_mean": 0.0
}