{
  "A_std": 0.04993604449555278,
  "A_range": 0.1780465878546238,
  "I_A_corr": 0.999837838113308,
  "channel_rel_mean": 0.6611500680446625,
  "delta_mean": 0.0,
  "score_abs_mean": 0.0
}