{
  "A_std": 0.009661945048719645,
  "A_range": 0.034486315213143826,
  "I_A_corr": -0.9999858513474464,
  "channel_rel_mean": 0.5040133595466614,
  "delta_mean": 0.0,
  "score_abs_mean": 0.0
}