{
  "A_std": 0.05039883451536298,
  "A_range": 0.1784789003431797,
  "I_A_corr": 0.9998428523540497,
  "channel_rel_mean": 0.5485822781920433,
  "delta_mean": 0.0,
  "score_abs_mean": 0.0
}