{
  "A_std": 0.004239719535689801,
  "A_range": 0.015972759807482362,
  "I_A_corr": -0.9999975189566612,
  "channel_rel_mean": 0.49800171703100204,
  "delta_mean": 0.0,
  "score_abs_mean": 0.0
}