{
  "A_std": 0.008507658028975129,
  "A_range": 0.03060682094655931,
  "I_A_corr": -0.9999890327453613,
  "channel_rel_mean": 0.5422781780362129,
  "delta_mean": 0.0,
  "score_abs_mean": 0.0
}