{
  "A_std": 0.131678169593215,
  "A_range": 0.424053892493248,
  "I_A_corr": 0.9799853637814522,
  "channel_rel_mean": 0.36260101571679115,
  "delta_mean": 0.3449101820588112,
  "score_abs_mean": 0.3884985037147999
}