{
  "A_std": 0.083464908413589,
  "A_range": 0.27834005281329155,
  "I_A_corr": 0.9981000646948814,
  "channel_rel_mean": 0.43926505371928215,
  "delta_mean": 0.31093230843544006,
  "score_abs_mean": 0.2383468896150589
}