{
  "A_std": 0.008172041620127857,
  "A_range": 0.02504781703464687,
  "I_A_corr": -0.8012570813298225,
  "channel_rel_mean": 0.5598815754055977,
  "delta_mean": 0.2892213277518749,
  "score_abs_mean": 0.023857828695327044
}