{
  "A_std": 0.010856858571060002,
  "A_range": 0.032626674976199865,
  "I_A_corr": -0.9329956844449043,
  "channel_rel_mean": 0.35431889072060585,
  "delta_mean": 0.32622262462973595,
  "score_abs_mean": 0.028450648998841643
}