{
  "A_std": 0.008624494832474738,
  "A_range": 0.027460539480671287,
  "I_A_corr": -0.6984862983226776,
  "channel_rel_mean": 0.5503450036048889,
  "delta_mean": 0.2909379079937935,
  "score_abs_mean": 0.02456182800233364
}