{
  "A_std": 0.07353720534592867,
  "A_range": 0.24201041087508202,
  "I_A_corr": 0.9977269545197487,
  "channel_rel_mean": 0.5496267899870872,
  "delta_mean": 0.29104309529066086,
  "score_abs_mean": 0.22293956205248833
}