{
  "layer1": [
    0.09512227028608322,
    0.06111947447061539,
    0.12049981951713562,
    0.1362186223268509,
    0.39379405975341797,
    0.09750628471374512,
    0.09573952108621597
  ],
  "layer2": [
    0.07182027399539948,
    0.1306840479373932,
    0.107587531208992,
    0.12197747081518173,
    0.28937986493110657,
    0.2785508334636688
  ]
}