{
  "layer1": [
    0.13501599431037903,
    0.0687657818198204,
    0.15690574049949646,
    0.1647101491689682,
    0.25955069065093994,
    0.10577229410409927,
    0.10927937924861908
  ],
  "layer2": [
    0.11288052052259445,
    0.1634705662727356,
    0.08200909197330475,
    0.17642632126808167,
    0.2678520381450653,
    0.1973615288734436
  ]
}