{
  "layer1": [
    0.09251262247562408,
    0.061090148985385895,
    0.11872752755880356,
    0.13348819315433502,
    0.3975541293621063,
    0.09733506292104721,
    0.09929229319095612
  ],
  "layer2": [
    0.1118890568614006,
    0.11740700155496597,
    0.056437063962221146,
    0.21771147847175598,
    0.23219960927963257,
    0.26435577869415283
  ]
}