{
  "layer1": [
    0.12509110569953918,
    0.06742431968450546,
    0.14821431040763855,
    0.1611669510602951,
    0.2916249632835388,
    0.10183420032262802,
    0.10464416444301605
  ],
  "layer2": [
    0.08039606362581253,
    0.15383440256118774,
    0.1250125616788864,
    0.12245579063892365,
    0.29188814759254456,
    0.2264130860567093
  ]
}