{
  "layer1": [
    0.1687575876712799,
    0.07406971603631973,
    0.16732177138328552,
    0.15319481492042542,
    0.16431239247322083,
    0.1207742989063263,
    0.15156948566436768
  ],
  "layer2": [
    0.1614796668291092,
    0.17128299176692963,
    0.05810767784714699,
    0.2236393541097641,
    0.2373979389667511,
    0.1480923295021057
  ]
}