{
  "layer1": [
    0.12843987345695496,
    0.0657992959022522,
    0.14895138144493103,
    0.15978945791721344,
    0.2860841155052185,
    0.10205749422311783,
    0.10887840390205383
  ],
  "layer2": [
    0.10897274315357208,
    0.1576015055179596,
    0.07993458211421967,
    0.1760139912366867,
    0.26806899905204773,
    0.20940811932086945
  ]
}