{
  "layer1": [
    0.13084974884986877,
    0.06608689576387405,
    0.15184657275676727,
    0.16042812168598175,
    0.2804131805896759,
    0.1040247306227684,
    0.10635079443454742
  ],
  "layer2": [
    0.1098966896533966,
    0.1588948518037796,
    0.08032352477312088,
    0.17607136070728302,
    0.2677933871746063,
    0.20702017843723297
  ]
}