{
  "layer1": [
    0.09300944954156876,
    0.060494836419820786,
    0.11854223906993866,
    0.13691580295562744,
    0.39955615997314453,
    0.09670378267765045,
    0.09477776288986206
  ],
  "layer2": [
    0.07111893594264984,
    0.12863266468048096,
    0.106822170317173,
    0.12189888209104538,
    0.2900232672691345,
    0.2815041244029999
  ]
}