{
  "A_std": 0.0706845298409462,
  "A_range": 0.24809370189905167,
  "I_A_corr": 0.9983384534716606,
  "channel_rel_mean": 0.5,
  "delta_mean": 0.30000001192092896,
  "score_abs_mean": 0.20682264864444733
}