{
  "A_std": 0.007970275939442217,
  "A_range": 0.023239636328071356,
  "I_A_corr": -0.9314137771725655,
  "channel_rel_mean": 0.5,
  "delta_mean": 0.30000001192092896,
  "score_abs_mean": 0.023622643435373902
}