{
  "A_std": 0.07068757154047489,
  "A_range": 0.2486947476863861,
  "I_A_corr": 0.9983387440443039,
  "channel_rel_mean": 0.5,
  "delta_mean": 0.30000001192092896,
  "score_abs_mean": 0.2066803053021431
}