{
  "A_std": 0.00911525113042444,
  "A_range": 0.03196359891444445,
  "I_A_corr": 0.4305918551981449,
  "channel_rel_mean": 0.5,
  "delta_mean": 0.30000001192092896,
  "score_abs_mean": 0.025330139324069023
}