{
  "A_std": 0.010120391380041838,
  "A_range": 0.029466104693710804,
  "I_A_corr": -0.9415584206581116,
  "channel_rel_mean": 0.5,
  "delta_mean": 0.30000001192092896,
  "score_abs_mean": 0.029879542533308268
}