{
  "A_std": 0.007969323662109673,
  "A_range": 0.023378533078357577,
  "I_A_corr": -0.944381408393383,
  "channel_rel_mean": 0.5,
  "delta_mean": 0.30000001192092896,
  "score_abs_mean": 0.0235249197576195
}