{
  "layer1": [
    0.09098974615335464,
    0.05927857384085655,
    0.11702114343643188,
    0.13333505392074585,
    0.40389394760131836,
    0.10014990717172623,
    0.09533172100782394
  ],
  "layer2": [
    0.07504798471927643,
    0.14303801953792572,
    0.07504798471927643,
    0.13871343433856964,
    0.3029397130012512,
    0.26521289348602295
  ]
}