{
  "layer1": [
    0.14801159501075745,
    0.0681636705994606,
    0.16460511088371277,
    0.168610617518425,
    0.21736280620098114,
    0.10336290299892426,
    0.129883274435997
  ],
  "layer2": [
    0.0945492833852768,
    0.19563981890678406,
    0.0945492833852768,
    0.13830803334712982,
    0.30474603176116943,
    0.17220750451087952
  ]
}