{
  "layer1": [
    0.1432478278875351,
    0.06842735409736633,
    0.16224120557308197,
    0.16730616986751556,
    0.22301717102527618,
    0.10374303162097931,
    0.13201722502708435
  ],
  "layer2": [
    0.0936073362827301,
    0.19321449100971222,
    0.0936073362827301,
    0.13873037695884705,
    0.30572617053985596,
    0.1751141995191574
  ]
}