{
  "layer1": [
    0.1433667540550232,
    0.0680462121963501,
    0.16371206939220428,
    0.16739076375961304,
    0.22229216992855072,
    0.10537933558225632,
    0.12981273233890533
  ],
  "layer2": [
    0.09355509281158447,
    0.19308075308799744,
    0.09355509281158447,
    0.13875113427639008,
    0.3057754635810852,
    0.17528244853019714
  ]
}