{
  "layer1": [
    0.09345899522304535,
    0.059444356709718704,
    0.11737898737192154,
    0.13399440050125122,
    0.40203648805618286,
    0.09799107164144516,
    0.09569575637578964
  ],
  "layer2": [
    0.07558312267065048,
    0.1444159895181656,
    0.07558312267065048,
    0.13847851753234863,
    0.30239397287368774,
    0.2635452449321747
  ]
}