{
  "layer1": [
    0.09343153238296509,
    0.05942787975072861,
    0.11884631961584091,
    0.1339777559041977,
    0.4006791114807129,
    0.09890411049127579,
    0.094733327627182
  ],
  "layer2": [
    0.07567021995782852,
    0.14465004205703735,
    0.07567021995782852,
    0.13847465813159943,
    0.3023972809314728,
    0.2631375789642334
  ]
}