{
  "layer1": [
    0.14937551319599152,
    0.0683831050992012,
    0.1662897765636444,
    0.16913588345050812,
    0.20602980256080627,
    0.10427064448595047,
    0.13651525974273682
  ],
  "layer2": [
    0.09555238485336304,
    0.19838294386863708,
    0.09555238485336304,
    0.1384231150150299,
    0.3051995635032654,
    0.16688966751098633
  ]
}