{
  "layer1": [
    0.16088223457336426,
    0.07756166160106659,
    0.1664309799671173,
    0.15966209769248962,
    0.1793670356273651,
    0.1199025809764862,
    0.1361934393644333
  ],
  "layer2": [
    0.09883306175470352,
    0.20667484402656555,
    0.09883306175470352,
    0.13640211522579193,
    0.3003237545490265,
    0.15893319249153137
  ]
}